"Code département","Département","Code circonscription","Circonscription","Numéro de panneau","Libellé abrégé de liste","Libellé de la liste","Code nuance de liste","Nuance de liste","Tête de liste","Ordre","Sexe","Nom sur le bulletin de vote","Prénom sur le bulletin de vote","Nationalité","Code personnalité","CC"
"01","Ain","01001","L'Abergement-Clémenciat",1.0,"ENSEMBLE POUR L'ABERGEMENT CLEMENCIAT","ENSEMBLE POUR L'ABERGEMENT CLEMENCIAT","","","OUI",1.0,"F","EVALET TAPONAT","Line","Française","",""
"01","Ain","01002","L'Abergement-de-Varey",1.0,"ENSEMBLE POUR L'ABERGEMENT-DE-VAREY","ENSEMBLE POUR L'ABERGEMENT-DE-VAREY","","","OUI",1.0,"M","COUROUBLE","François","Française","",""
"01","Ain","01002","L'Abergement-de-Varey",2.0,"NOTRE COMMUNE, NOTRE ENGAGEMENT","NOTRE COMMUNE, NOTRE ENGAGEMENT","","","OUI",1.0,"M","ROBERT","Laurent","Française","",""
"01","Ain","01004","Ambérieu-en-Bugey",1.0,"AMBERIEU C'EST VOUS","AMBERIEU C'EST VOUS","LDVG","Liste divers gauche","OUI",1.0,"M","CHRISTIN","Rémi","Française","","OUI"
"01","Ain","01004","Ambérieu-en-Bugey",2.0,"LUTTE OUVRIERE - LE CAMP DES TRAVAILLEURS","LUTTE OUVRIERE - LE CAMP DES TRAVAILLEURS","LEXG","Liste d'extrême-gauche","OUI",1.0,"M","EL YOUSFI","Samir","Française","","OUI"
"01","Ain","01004","Ambérieu-en-Bugey",3.0,"TOUS AMBARROIS","TOUS AMBARROIS","LDVC","Liste divers centre","OUI",1.0,"M","FABRE","Daniel","Française","","OUI"
"01","Ain","01005","Ambérieux-en-Dombes",1.0,"UNIS PAR NOTRE VILLAGE, ENGAGES POUR TOUS","UNIS PAR NOTRE VILLAGE, ENGAGES POUR TOUS","","","OUI",1.0,"F","FORNES","Christine","Française","","OUI"
"01","Ain","01006","Ambléon",1.0,"TOUS ENSEMBLE POUR AMBLÉON","TOUS ENSEMBLE POUR AMBLÉON","","","OUI",1.0,"M","RAFFRON","Gael","Française","",""
"01","Ain","01006","Ambléon",2.0,"MIEUX VIVRE À AMBLEON","MIEUX VIVRE À AMBLEON","","","OUI",1.0,"M","ARCAN","Henri","Française","",""
"01","Ain","01007","Ambronay",1.0,"ENSEMBLE CONTINUONSPOUR AMBRONAY","ENSEMBLE CONTINUONSPOUR AMBRONAY","","","OUI",1.0,"M","MANCUSO","Vincent","Française","","OUI"
"01","Ain","01007","Ambronay",2.0,"NOTRE VILLAGE, NOTRE AMBITION","NOTRE VILLAGE, NOTRE AMBITION","","","OUI",1.0,"M","BELLATON","Marc","Française","","OUI"
"01","Ain","01008","Ambutrix",1.0,"AMBUTRIX L'ESPRIT VILLAGE","AMBUTRIX L'ESPRIT VILLAGE","","","OUI",1.0,"M","DELOFFRE","Dominique","Française","",""
"01","Ain","01008","Ambutrix",2.0,"BIEN VIVRE ENSEMBLE À AMBUTRIX","BIEN VIVRE ENSEMBLE À AMBUTRIX","","","OUI",1.0,"M","PACCALET","Patrick","Française","",""
"01","Ain","01009","Andert-et-Condon",1.0,"ENSEMBLE POUR NOTRE COMMUNE","ENSEMBLE POUR NOTRE COMMUNE","","","OUI",1.0,"F","MARTINAT","Francine","Française","",""
"01","Ain","01009","Andert-et-Condon",2.0,"CINQ HAMEAUX, UNE COMMUNE : ANDERT ET CONDON","CINQ HAMEAUX, UNE COMMUNE : ANDERT ET CONDON","","","OUI",1.0,"M","GUILLERMIN","Patrick","Française","",""
"01","Ain","01010","Anglefort",1.0,"ENSEMBLE ECRIVONS L'AVENIR D'ANGLEFORT","ENSEMBLE ECRIVONS L'AVENIR D'ANGLEFORT","","","OUI",1.0,"M","PLE","Henri","Française","","OUI"
"01","Ain","01010","Anglefort",2.0,"ANGLEFORT DEMAIN","ANGLEFORT DEMAIN","","","OUI",1.0,"M","THIERRY","Jean-François","Française","","OUI"
"01","Ain","01011","Apremont",1.0,"UNIS POUR NOTRE VILLAGE","UNIS POUR NOTRE VILLAGE","","","OUI",1.0,"F","LEVRAT","Marielle","Française","",""
"01","Ain","01012","Aranc",1.0,"AVENIR ET SERENITE","AVENIR ET SERENITE","","","OUI",1.0,"F","VARIGNIER","Nathalie","Française","",""
"01","Ain","01012","Aranc",2.0,"ENSEMBLE POUR L AVENIR DE LA COMMUNE D ARANC","ENSEMBLE POUR L AVENIR DE LA COMMUNE D ARANC","","","OUI",1.0,"F","PALLET","Monique","Française","",""
"01","Ain","01013","Arandas",1.0,"RESTONS VILLAGE POUR AVANCER","RESTONS VILLAGE POUR AVANCER","","","OUI",1.0,"M","MANOS","Lionel","Française","",""
"01","Ain","01014","Arbent",1.0,"POUR ARBENT, POURSUIVONS ENSEMBLE","POUR ARBENT, POURSUIVONS ENSEMBLE","LDVD","Liste divers droite","OUI",1.0,"M","CRACCHIOLO","Philippe","Française","","OUI"
"01","Ain","01015","Arboys en Bugey",1.0,"ARBOYS EN COMMUN","ARBOYS EN COMMUN","","","OUI",1.0,"M","BORDONNAT","Joël","Française","",""
"01","Ain","01015","Arboys en Bugey",2.0,"ARBOYS : NOTRE PROJET, VOTRE CHOIX","ARBOYS : NOTRE PROJET, VOTRE CHOIX","","","OUI",1.0,"M","RIERA","Michel Charles","Française","",""
"01","Ain","01016","Arbigny",1.0,"ARBIGNY, Notre Village","ARBIGNY, Notre Village","","","OUI",1.0,"F","GASSE","Nadine","Française","",""
"01","Ain","01016","Arbigny",2.0,"NOUVEL ELAN","NOUVEL ELAN","","","OUI",1.0,"M","GRAS","Daniel","Française","",""
"01","Ain","01017","Argis",1.0,"ARGIS,FIDÈLE À SES RACINES, TOURNÉ VERS L'AVENIR","ARGIS,FIDÈLE À SES RACINES, TOURNÉ VERS L'AVENIR","","","OUI",1.0,"M","BOU","Laurent","Française","",""
"01","Ain","01019","Armix",1.0,"TOUS ENSEMBLE POUR ARMIX","TOUS ENSEMBLE POUR ARMIX","","","OUI",1.0,"F","VUILLOUD","Véronique","Française","",""
"01","Ain","01021","Ars-sur-Formans",1.0,"VIVRE ARS","VIVRE ARS","","","OUI",1.0,"M","DELAMARE","Thierry","Française","","OUI"
"01","Ain","01022","Artemare",1.0,"ARTEMARE C'EST VOUS","ARTEMARE C'EST VOUS","","","OUI",1.0,"M","DESCHAMPS","Roland","Française","","OUI"
"01","Ain","01023","Asnières-sur-Saône",1.0,"ASNIERES DEMAIN","ASNIERES DEMAIN","","","OUI",1.0,"M","RIGAUD","Philippe","Française","",""
"01","Ain","01023","Asnières-sur-Saône",2.0,"ENSEMBLE POUR LA COMMUNE","ENSEMBLE POUR LA COMMUNE","","","OUI",1.0,"M","FONTIS","Michel","Française","",""
"01","Ain","01024","Attignat",1.0,"ATTIGNAT 2026 l'Avenir avec Vous","ATTIGNAT 2026 l'Avenir avec Vous","","","OUI",1.0,"M","MARTIN","Walter","Française","","OUI"
"01","Ain","01025","Bâgé-Dommartin",1.0,"RENOUVEAU POUR BAGE DOMMARTIN","RENOUVEAU POUR BAGE DOMMARTIN","LRN","Liste du Rassemblement National","OUI",1.0,"M","JOUANNE","Kevin","Française","","OUI"
"01","Ain","01025","Bâgé-Dommartin",2.0,"ENGAGÉS POUR DEMAIN","ENGAGÉS POUR DEMAIN","LDIV","Liste Divers","OUI",1.0,"M","BERNIGAUD","Christian","Française","","OUI"
"01","Ain","01026","Bâgé-le-Châtel",1.0,"construire ensemble l'avenir authentique et attractif de bâgé-le-Châtel","construire ensemble l'avenir authentique et attractif de bâgé-le-Châtel","","","OUI",1.0,"M","FRICOU","Eric Olivier","Française","",""
"01","Ain","01027","Balan",1.0,"Balan 2032 - Ensemble pour construire l'avenir","Balan 2032 - Ensemble pour construire l'avenir","","","OUI",1.0,"M","MEANT","Patrick","Française","","OUI"
"01","Ain","01028","Baneins",1.0,"Baneins, terroir en héritage, avenir en projet","Baneins, terroir en héritage, avenir en projet","","","OUI",1.0,"M","GRANGE","Jean-Pierre","Française","",""
"01","Ain","01029","Beaupont",1.0,"Ensemble pour BEAUPONT","Ensemble pour BEAUPONT","","","OUI",1.0,"M","JANODET","Gérard","Française","",""
"01","Ain","01030","Beauregard",1.0,"BEAUREGARD, plus proches pour aller plus loin","BEAUREGARD, plus proches pour aller plus loin","","","OUI",1.0,"M","BOUCHARD","Mickaël","Française","",""
"01","Ain","01031","Bellignat",1.0,"tous pour Bellignat","tous pour Bellignat","LDVG","Liste divers gauche","OUI",1.0,"M","HASSOUN","Kamel","Française","","OUI"
"01","Ain","01031","Bellignat",2.0,"Ensembles, Continuons pour Bellignat","Ensembles, Continuons pour Bellignat","LDVG","Liste divers gauche","OUI",1.0,"F","RAVET","Véronique","Française","","OUI"
"01","Ain","01032","Béligneux",1.0,"CONSTRUISONS DEMAIN ENSEMBLE","CONSTRUISONS DEMAIN ENSEMBLE","LDIV","Liste Divers","OUI",1.0,"M","FERRAND","Philippe","Française","","OUI"
"01","Ain","01033","Valserhône",1.0,"Vivons ensemble Valserhône","Vivons ensemble Valserhône","LDVG","Liste divers gauche","OUI",1.0,"M","LARMANJAT","Guy","Française","","OUI"
"01","Ain","01033","Valserhône",2.0,"Pour Vous, Avec Vous, Simplement Valserhône","Pour Vous, Avec Vous, Simplement Valserhône","LDVD","Liste divers droite","OUI",1.0,"F","DE OLIVEIRA","Isabelle","Française","","OUI"
"01","Ain","01034","Belley",1.0,"MIEUX VIVRE ENSEMBLE À BELLEY ET EN BUGEY SUD","MIEUX VIVRE ENSEMBLE À BELLEY ET EN BUGEY SUD","LDVG","Liste divers gauche","OUI",1.0,"M","MEYRAND","Bernard","Française","","OUI"
"01","Ain","01034","Belley",2.0,"ABBS","AGIR POUR BELLEY ET BUGEY-SUD","LDVD","Liste divers droite","OUI",1.0,"M","LAHUERTA","Dimitri","Française","","OUI"
"01","Ain","01035","Belleydoux",1.0,"Belleydoux 2026","Belleydoux 2026","","","OUI",1.0,"M","COURTOIS","Pascal","Française","",""
"01","Ain","01036","Valromey-sur-Séran",1.0,"BIEN VIVRE À VALROMEY SUR SÉRAN","BIEN VIVRE À VALROMEY SUR SÉRAN","","","OUI",1.0,"F","GODET","Pauline","Française","","OUI"
"01","Ain","01037","Bénonces",1.0,"BÉNONCES: UNE GESTION RESPONSABLE, UN VILLAGE VIVANT, UN AVENIR DURABLE","BÉNONCES: UNE GESTION RESPONSABLE, UN VILLAGE VIVANT, UN AVENIR DURABLE","","","OUI",1.0,"M","PELLEGRIN-ROMEGGIO","Frédéric","Française","",""
"01","Ain","01038","Bény",1.0,"REUNIR POUR BENY","REUNIR POUR BENY","","","OUI",1.0,"F","BERROD","Mélynda","Française","",""
"01","Ain","01040","Béréziat",1.0,"BEREZIAT, UNE EQUIPE","BEREZIAT, UNE EQUIPE","","","OUI",1.0,"M","BERARDAN","Franck","Française","",""
"01","Ain","01041","Bettant",1.0,"ENSEMBLE FAISONS VIVRE BETTANT","ENSEMBLE FAISONS VIVRE BETTANT","","","OUI",1.0,"M","MAITRE","Eric","Française","",""
"01","Ain","01042","Bey",1.0,"Bien Vivre Ensemble","Bien Vivre Ensemble","","","OUI",1.0,"M","METRAL","Olivier","Française","",""
"01","Ain","01043","Beynost",1.0,"Beynost Agir pour Demain","Beynost Agir pour Demain","LDVC","Liste divers centre","OUI",1.0,"F","LE GUYADER","Anne","Française","","OUI"
"01","Ain","01043","Beynost",2.0,"Pour Beynost continuons d'agir","Pour Beynost continuons d'agir","LDVD","Liste divers droite","OUI",1.0,"F","TERRIER","Caroline","Française","","OUI"
"01","Ain","01044","Billiat",1.0,"BILLIAT 2026","BILLIAT 2026","","","OUI",1.0,"M","BEAUQUIS","Jean Marc","Française","",""
"01","Ain","01045","Birieux",1.0,"ensemble, vivons Birieux","ensemble, vivons Birieux","","","OUI",1.0,"M","VIALLATTE","Nicolas","Française","",""
"01","Ain","01045","Birieux",2.0,"Fidèles à nos valeurs, ouverts à l'avenir","Fidèles à nos valeurs, ouverts à l'avenir","","","OUI",1.0,"M","BAILLET","Cyril","Française","",""
"01","Ain","01046","Biziat",1.0,"BIZIAT ENTRE TRADITION ET VITALITE","BIZIAT ENTRE TRADITION ET VITALITE","","","OUI",1.0,"M","AGATY","Guillaume","Française","",""
"01","Ain","01047","Blyes",1.0,"BLYES, UN AVENIR À MAÎTRISER","BLYES, UN AVENIR À MAÎTRISER","","","OUI",1.0,"M","MARTIN","Daniel","Française","","OUI"
"01","Ain","01049","La Boisse",1.0,"ENSEMBLE, PENSONS DEMAIN !","ENSEMBLE, PENSONS DEMAIN !","","","OUI",1.0,"M","SOILEUX","Laurent","Française","","OUI"
"01","Ain","01049","La Boisse",2.0,"AGIR POUR LES BUISSARDS","AGIR POUR LES BUISSARDS","","","OUI",1.0,"F","SABATIER REIS","Severine","Française","","OUI"
"01","Ain","01050","Boissey",1.0,"UNE LISTE COMMUNE POUR MA COMMUNE","UNE LISTE COMMUNE POUR MA COMMUNE","","","OUI",1.0,"F","GACHÉ","Mélanie","Française","",""
"01","Ain","01051","Bolozon",1.0,"A l'Unisson pour Bolozon","A l'Unisson pour Bolozon","","","OUI",1.0,"M","GIROD","Etienne","Française","",""
"01","Ain","01052","Bouligneux",1.0,"une équipe proche de vous, aujourd'hui et demain","une équipe proche de vous, aujourd'hui et demain","","","OUI",1.0,"M","COMTET","Laurent","Française","",""
"01","Ain","01053","Bourg-en-Bresse",1.0,"VIVRE BOURG DEMAIN","VIVRE BOURG DEMAIN","LUC","Liste d'union au centre","OUI",1.0,"M","COQUELET","Christophe","Française","","OUI"
"01","Ain","01053","Bourg-en-Bresse",2.0,"Lutte ouvrière - le camp des travailleurs","Lutte ouvrière - le camp des travailleurs","LEXG","Liste d'extrême-gauche","OUI",1.0,"M","COUSSON","Sylvain","Française","","OUI"
"01","Ain","01053","Bourg-en-Bresse",3.0,"AGIR ENSEMBLE !","AGIR ENSEMBLE !","LRN","Liste du Rassemblement National","OUI",1.0,"M","BUISSON","Jérôme","Française","DEP","OUI"
"01","Ain","01053","Bourg-en-Bresse",4.0,"BOURG AMBITION - DROITE UNIE","BOURG AMBITION - DROITE UNIE","LDVD","Liste divers droite","OUI",1.0,"M","DE BOYSSON","Benoît","Française","","OUI"
"01","Ain","01053","Bourg-en-Bresse",5.0,"Bourg nous rassemble","Bourg nous rassemble","LUG","Liste d'union à gauche","OUI",1.0,"M","DEBAT","Jean-François","Française","","OUI"
"01","Ain","01054","Bourg-Saint-Christophe",1.0,"BSC, DEMAIN","BSC, DEMAIN","","","OUI",1.0,"M","PERRET","Bernard","Française","","OUI"
"01","Ain","01056","Boyeux-Saint-Jérôme",1.0,"Boyeux et ses villages 2026","Boyeux et ses villages 2026","","","OUI",1.0,"M","TURPIN","Juvénal","Française","",""
"01","Ain","01058","Brégnier-Cordon",1.0,"NOTRE COMMUNE AU SERVICE DE TOUS","NOTRE COMMUNE AU SERVICE DE TOUS","","","OUI",1.0,"M","VERGAIN","Thierry","Française","",""
"01","Ain","01058","Brégnier-Cordon",2.0,"UNE EQUIPE ENGAGEE ET DES PROJETS PARTAGES POUR BREGNIER-CORDON","UNE EQUIPE ENGAGEE ET DES PROJETS PARTAGES POUR BREGNIER-CORDON","","","OUI",1.0,"M","FATOU","David","Française","",""
"01","Ain","01060","Brénod",1.0,"BRENOD VIVRE ENSEMBLE","BRENOD VIVRE ENSEMBLE","","","OUI",1.0,"F","ROCHAIX-LETONDEUR","Ghislaine","Française","",""
"01","Ain","01061","Brens",1.0,"BRENS POUR TOUS","BRENS POUR TOUS","","","OUI",1.0,"F","LACHIZE PICCINO","Sandrine","Française","","OUI"
"01","Ain","01062","Bressolles",1.0,"BRESSOLLES, SES VALEURS, NOTRE AVENIR COMMUN","BRESSOLLES, SES VALEURS, NOTRE AVENIR COMMUN","","","OUI",1.0,"M","GOUVERNEUR","Christian","Française","","OUI"
"01","Ain","01063","Brion",1.0,"BRION AU COEUR DE NOTRE VIE","BRION AU COEUR DE NOTRE VIE","","","OUI",1.0,"M","GUINET","Sébastien","Française","",""
"01","Ain","01064","Briord",1.0,"ENSEMBLE POUR BRIORD","ENSEMBLE POUR BRIORD","","","OUI",1.0,"M","MERLE","Serge","Française","","OUI"
"01","Ain","01064","Briord",2.0,"UN NOUVEL ÉLAN POUR BRIORD","UN NOUVEL ÉLAN POUR BRIORD","","","OUI",1.0,"M","SAINT-POL-HUGOO","Stéphane","Française","","OUI"
"01","Ain","01065","Buellas",1.0,"VIVRE ENSEMBLE A BUELLAS","VIVRE ENSEMBLE A BUELLAS","","","OUI",1.0,"F","AZNAR","Nathalie","Française","","OUI"
"01","Ain","01066","La Burbanche",1.0,"LA BURBANCHE AU COEUR","LA BURBANCHE AU COEUR","","","OUI",1.0,"M","MARIE","Patrick","Française","",""
"01","Ain","01066","La Burbanche",2.0,"ON LA JOUE COLLECTIF OU PAS ?","ON LA JOUE COLLECTIF OU PAS ?","","","OUI",1.0,"F","CARLETTI-BARBIÉ","Nina","Française","",""
"01","Ain","01067","Ceignes",1.0,"Pour Ceignes","Pour Ceignes","","","OUI",1.0,"M","AUBOEUF","Alain","Française","",""
"01","Ain","01068","Cerdon",1.0,"L'Âme du village, le sérieux d'une équipe","L'Âme du village, le sérieux d'une équipe","","","OUI",1.0,"M","CASAMASSA","Eric","Française","",""
"01","Ain","01068","Cerdon",2.0,"Ensemble, construisons notre Avenir","Ensemble, construisons notre Avenir","","","OUI",1.0,"F","BERTOZZO","Liliane","Française","",""
"01","Ain","01069","Certines",1.0,"CERTINES, CONTINUONS ENSEMBLE!","CERTINES, CONTINUONS ENSEMBLE!","","","OUI",1.0,"M","TAVEL","Denis","Française","","OUI"
"01","Ain","01071","Cessy",1.0,"Ensemble Cessy Bon Vivre","Ensemble Cessy Bon Vivre","LDVC","Liste divers centre","OUI",1.0,"M","COMMUNAL","Jean-Paul","Française","","OUI"
"01","Ain","01071","Cessy",2.0,"CESSY, UNIS POUR DEMAIN","CESSY, UNIS POUR DEMAIN","LDVD","Liste divers droite","OUI",1.0,"M","BOUVIER","Christophe","Française","","OUI"
"01","Ain","01072","Ceyzériat",1.0,"Tous unis pour Ceyzériat","Tous unis pour Ceyzériat","","","OUI",1.0,"M","FLOCHON","Jean-Yves","Française","","OUI"
"01","Ain","01073","Ceyzérieu",1.0,"AGIR ENSEMBLE POUR CEYZERIEU","AGIR ENSEMBLE POUR CEYZERIEU","","","OUI",1.0,"F","KELLER","Myriam","Française","","OUI"
"01","Ain","01074","Chalamont",1.0,"NOUVELLES ENERGIES","NOUVELLES ENERGIES","","","OUI",1.0,"M","KANIEWSKI","Jonathan","Française","","OUI"
"01","Ain","01074","Chalamont",2.0,"Chalamont ""La Force de l'Expérience, l'Énergie du Collectif""","Chalamont ""La Force de l'Expérience, l'Énergie du Collectif""","","","OUI",1.0,"M","CHARVIEUX","Bruno","Française","","OUI"
"01","Ain","01075","Chaleins",1.0,"VOUS AVEZ LA PAROLE, NOUS AVONS L'ECOUTE","VOUS AVEZ LA PAROLE, NOUS AVONS L'ECOUTE","","","OUI",1.0,"M","MOLINES","Lucien","Française","","OUI"
"01","Ain","01076","Chaley",1.0,"CHALEY DYNAMIQUE ET SOLIDAIRE","CHALEY DYNAMIQUE ET SOLIDAIRE","","","OUI",1.0,"F","MARTINEZ","Mireille","Française","",""
"01","Ain","01076","Chaley",2.0,"UNIS POUR CHALEY","UNIS POUR CHALEY","","","OUI",1.0,"M","DESCOMBES","Bernard","Française","",""
"01","Ain","01077","Challes-la-Montagne",1.0,"BIEN VIVRE AU VILLAGE","BIEN VIVRE AU VILLAGE","","","OUI",1.0,"M","PERRET","Yves","Française","",""
"01","Ain","01078","Challex",1.0,"Challex, un nouvel élan","Challex, un nouvel élan","","","OUI",1.0,"M","JOLIE","Christian","Française","","OUI"
"01","Ain","01078","Challex",2.0,"Ensemble aujourd'hui pour Challex de demain !","Ensemble aujourd'hui pour Challex de demain !","","","OUI",1.0,"F","HOFER FAVRE","Aline","Française","","OUI"
"01","Ain","01079","Champagne-en-Valromey",1.0,"EN CHEMIN POUR LA COMMUNE DE CHAMPAGNE-EN-VALROMEY","EN CHEMIN POUR LA COMMUNE DE CHAMPAGNE-EN-VALROMEY","","","OUI",1.0,"M","MICHAILLE","Christophe","Française","",""
"01","Ain","01080","Champdor-Corcelles",1.0,"CHAMPDOR-CORCELLES D'ABORD","CHAMPDOR-CORCELLES D'ABORD","","","OUI",1.0,"F","VERNET","Stéphanie","Française","",""
"01","Ain","01080","Champdor-Corcelles",2.0,"CHAMPDOR-CORCELLES NOS VILLAGES NOTRE AVENIR","CHAMPDOR-CORCELLES NOS VILLAGES NOTRE AVENIR","","","OUI",1.0,"M","MARTINAND","Stéphane","Française","",""
"01","Ain","01081","Champfromier",1.0,"Vivre à Champfromier 2026 !","Vivre à Champfromier 2026 !","","","OUI",1.0,"M","VIALON","Jacques","Française","",""
"01","Ain","01082","Chanay",1.0,"CHANAY pour demain","CHANAY pour demain","","","OUI",1.0,"M","CRAVOTTO","Christophe","Française","",""
"01","Ain","01082","Chanay",2.0,"Nouveau souffle de Chanay","Nouveau souffle de Chanay","","","OUI",1.0,"M","PRIGENT","Christophe","Française","",""
"01","Ain","01083","Chaneins",1.0,"CHANEINS, ESPRIT VILLAGE","CHANEINS, ESPRIT VILLAGE","","","OUI",1.0,"M","CORMORECHE","Jean-Michel","Française","","OUI"
"01","Ain","01083","Chaneins",2.0,"CONTINUONS ENSEMBLE POUR CHANEINS","CONTINUONS ENSEMBLE POUR CHANEINS","","","OUI",1.0,"M","DURAND","Denis","Française","","OUI"
"01","Ain","01084","Chanoz-Châtenay",1.0,"FIDELE A NOS TERRES ENSEMBLE POUR DEMAIN","FIDELE A NOS TERRES ENSEMBLE POUR DEMAIN","","","OUI",1.0,"M","MORANDAT","Olivier","Française","",""
"01","Ain","01085","La Chapelle-du-Châtelard",1.0,"RIMO","RIMO","","","OUI",1.0,"M","RIMAUD","Cyrille","Française","",""
"01","Ain","01087","Charix",1.0,"CHARIX ENSEMBLE","CHARIX ENSEMBLE","","","OUI",1.0,"M","HENRIOT","Francis","Française","",""
"01","Ain","01088","Charnoz-sur-Ain",1.0,"LISTE D'UNION COMMUNALE","LISTE D'UNION COMMUNALE","","","OUI",1.0,"M","GUYADER","Jean-Louis","Française","",""
"01","Ain","01089","Château-Gaillard",1.0,"GARDONS LE CAP CG2026","GARDONS LE CAP CG2026","","","OUI",1.0,"M","BRUNET","Joël","Française","","OUI"
"01","Ain","01089","Château-Gaillard",2.0,"UN NOUVEAU SOUFFLE POUR CHÂTEAU-GAILLARD","UN NOUVEAU SOUFFLE POUR CHÂTEAU-GAILLARD","","","OUI",1.0,"M","TARPIN-LYONNET","Clément","Française","","OUI"
"01","Ain","01090","Châtenay",1.0,"POUR UN CHATENAY VIVANT ET SOLIDAIRE","POUR UN CHATENAY VIVANT ET SOLIDAIRE","","","OUI",1.0,"M","BARRAU","Alexandre","Française","",""
"01","Ain","01092","Châtillon-la-Palud",1.0,"CHATILLON-LA-PALUD, ENSEMBLE POUR DEMAIN","CHATILLON-LA-PALUD, ENSEMBLE POUR DEMAIN","","","OUI",1.0,"M","LAMY","Dominique","Française","","OUI"
"01","Ain","01092","Châtillon-la-Palud",2.0,"Agir Pour Chatillon la Palud","Agir Pour Chatillon la Palud","","","OUI",1.0,"M","COURTIAL","Clément","Française","","OUI"
"01","Ain","01093","Châtillon-sur-Chalaronne",1.0,"Bien vivre ensemble à Châtillon","Bien vivre ensemble à Châtillon","LDVD","Liste divers droite","OUI",1.0,"M","MATHIAS","Patrick","Française","","OUI"
"01","Ain","01093","Châtillon-sur-Chalaronne",2.0,"PERSPECTIVES CHATILLON-SUR-CHALARONNE","PERSPECTIVES CHATILLON-SUR-CHALARONNE","LDIV","Liste Divers","OUI",1.0,"M","BEJA","Julien","Française","","OUI"
"01","Ain","01094","Chavannes-sur-Reyssouze",1.0,"AVEC VOUS, CONTINUONS...","AVEC VOUS, CONTINUONS...","","","OUI",1.0,"F","DOUARD","Dominique","Française","",""
"01","Ain","01095","Nivigne et Suran",1.0,"REGARDS CROISES POUR NOTRE AVENIR","REGARDS CROISES POUR NOTRE AVENIR","","","OUI",1.0,"F","FAVIER","Céline","Française","",""
"01","Ain","01096","Chaveyriat",1.0,"UNE EQUIPE ENGAGEE POUR NOTRE VILLAGE","UNE EQUIPE ENGAGEE POUR NOTRE VILLAGE","","","OUI",1.0,"M","RAPY","Gilles","Française","","OUI"
"01","Ain","01098","Chazey-Bons",1.0,"ENSEMBLE POUR CHAZEY-BONS","ENSEMBLE POUR CHAZEY-BONS","","","OUI",1.0,"M","LALLEMENT","Philip","Française","","OUI"
"01","Ain","01098","Chazey-Bons",2.0,"EN AVANT CHAZEY-BONS","EN AVANT CHAZEY-BONS","","","OUI",1.0,"M","DELBE","Dominique","Française","","OUI"
"01","Ain","01099","Chazey-sur-Ain",1.0,"AGIR POUR CHAZEY SUR AIN","AGIR POUR CHAZEY SUR AIN","","","OUI",1.0,"M","BERNARD","Sebastien","Française","","OUI"
"01","Ain","01099","Chazey-sur-Ain",2.0,"ENSEMBLE, FAISONS VIVRE CHAZEY.","ENSEMBLE, FAISONS VIVRE CHAZEY.","","","OUI",1.0,"F","ANDRÉ","Claire","Française","","OUI"
"01","Ain","01100","Cheignieu-la-Balme",1.0,"AGIR ET VIVRE ENSEMBLE POUR CHEIGNIEU LA BALME","AGIR ET VIVRE ENSEMBLE POUR CHEIGNIEU LA BALME","","","OUI",1.0,"M","BUET","Marc","Française","",""
"01","Ain","01101","Chevillard",1.0,"CHEVILLARD 2026","CHEVILLARD 2026","","","OUI",1.0,"M","MONNET","Pierrick","Française","",""
"01","Ain","01102","Chevroux",1.0,"CHEVROUX, un avenir à partager","CHEVROUX, un avenir à partager","","","OUI",1.0,"M","SAVOT","Dominique","Française","",""
"01","Ain","01103","Chevry",1.0,"CHEVRY avance","CHEVRY avance","","","OUI",1.0,"M","MITZAS","Stéphane","Française","","OUI"
"01","Ain","01103","Chevry",2.0,"CHEVRY POUR VOUS","CHEVRY POUR VOUS","","","OUI",1.0,"F","ROYER","Alexandra","Française","","OUI"
"01","Ain","01104","Chézery-Forens",1.0,"ENGAGÉS POUR L'AVENIR","ENGAGÉS POUR L'AVENIR","","","OUI",1.0,"M","VUAILLAT","Bernard","Française","",""
"01","Ain","01105","Civrieux",1.0,"ENSEMBLE POUR CIVRIEUX","ENSEMBLE POUR CIVRIEUX","","","OUI",1.0,"M","MULLER","Michel","Française","","OUI"
"01","Ain","01106","Cize",1.0,"Bien vivre à Cize","Bien vivre à Cize","","","OUI",1.0,"F","BIBET","Véronique","Française","",""
"01","Ain","01107","Cleyzieu",1.0,"BIEN VIVRE A CLEYZIEU","BIEN VIVRE A CLEYZIEU","","","OUI",1.0,"F","LAGRUT","Emilie","Française","",""
"01","Ain","01108","Coligny",1.0,"Coligny unis pour demain","Coligny unis pour demain","","","OUI",1.0,"M","RAFFIN","Bruno","Française","","OUI"
"01","Ain","01109","Collonges",1.0,"COLLONGES A VENIR","COLLONGES A VENIR","","","OUI",1.0,"M","PERREAL","Lionel","Française","","OUI"
"01","Ain","01109","Collonges",2.0,"POUR COLLONGES","POUR COLLONGES","","","OUI",1.0,"M","PICAZO","Alexandre","Française","","OUI"
"01","Ain","01110","Colomieu",1.0,"LISTE POUR L'AVENIR","LISTE POUR L'AVENIR","","","OUI",1.0,"F","CODEX- CHAVAGNON","Dominique","Française","",""
"01","Ain","01111","Conand",1.0,"BIEN VIVRE À CONAND","BIEN VIVRE À CONAND","","","OUI",1.0,"F","GARIBIAN","Françoise","Française","",""
"01","Ain","01112","Condamine",1.0,"CONDAMINE NOTRE VILLAGE","CONDAMINE NOTRE VILLAGE","","","OUI",1.0,"F","BERTRAND","Alexandra","Française","",""
"01","Ain","01113","Condeissiat",1.0,"AIMER CONDEISSIAT","AIMER CONDEISSIAT","","","OUI",1.0,"M","GAUTIER","Stephen","Française","",""
"01","Ain","01114","Confort",1.0,"Confort, notre village","Confort, notre village","","","OUI",1.0,"F","BENSEFIA","Clara","Française","",""
"01","Ain","01115","Confrançon",1.0,"bien vivre à Confrançon","bien vivre à Confrançon","","","OUI",1.0,"M","BUELLET","Jean-Paul","Française","","OUI"
"01","Ain","01116","Contrevoz",1.0,"AGIR AVEC VOUS POUR CONTREVOZ ! UN VILLAGE VIVANT ET SOLIDAIRE","AGIR AVEC VOUS POUR CONTREVOZ ! UN VILLAGE VIVANT ET SOLIDAIRE","","","OUI",1.0,"M","BALASTRIER","Jean-Daniel","Française","",""
"01","Ain","01117","Conzieu",1.0,"BIEN VIVRE À CONZIEU","BIEN VIVRE À CONZIEU","","","OUI",1.0,"M","PEZANT","Pascal","Française","",""
"01","Ain","01118","Corbonod",1.0,"CORBONOD, UN PRÉSENT SOLIDE, UN FUTUR MAÎTRISÉ","CORBONOD, UN PRÉSENT SOLIDE, UN FUTUR MAÎTRISÉ","","","OUI",1.0,"M","CHAPEL","Patrick","Française","","OUI"
"01","Ain","01118","Corbonod",2.0,"AVEC VOUS, CORBONOD DEMAIN","AVEC VOUS, CORBONOD DEMAIN","","","OUI",1.0,"M","GUICHON","Damien","Française","","OUI"
"01","Ain","01121","Corlier",1.0,"REUSSIR ENSEMBLE","REUSSIR ENSEMBLE","","","OUI",1.0,"M","DÉCHANDON","Nicolas","Française","",""
"01","Ain","01123","Cormoranche-sur-Saône",1.0,"continuons à bien vivre ensemble à Cormoranche","continuons à bien vivre ensemble à Cormoranche","","","OUI",1.0,"M","PALLOT","Jacques","Française","","OUI"
"01","Ain","01124","Cormoz",1.0,"Ensemble Servons notre Commune","Ensemble Servons notre Commune","","","OUI",1.0,"M","SCHWEITZER","Nicolas","Française","",""
"01","Ain","01125","Corveissiat",1.0,"AGIR POUR CORVEISSIAT","AGIR POUR CORVEISSIAT","","","OUI",1.0,"M","GINDRE","Jonathan","Française","",""
"01","Ain","01127","Courmangoux",1.0,"BIEN VIVRE ENSEMBLE A COURMANGOUX","BIEN VIVRE ENSEMBLE A COURMANGOUX","","","OUI",1.0,"M","CHORRIER-COLLET","Sébastien","Française","",""
"01","Ain","01128","Courtes",1.0,"Bien vivre à Courtes","Bien vivre à Courtes","","","OUI",1.0,"M","PALLEGOIX","Thierry","Française","",""
"01","Ain","01129","Crans",1.0,"CRANS, serein pour demain","CRANS, serein pour demain","","","OUI",1.0,"M","BERNARD","Dominique","Française","",""
"01","Ain","01130","Bresse Vallons",1.0,"VIVONS BRESSE VALLONS !","VIVONS BRESSE VALLONS !","","","OUI",1.0,"F","GRIGNOLA-BERNARD","Virginie","Française","","OUI"
"01","Ain","01133","Cressin-Rochefort",1.0,"AVEC VOUS POUR NOTRE VILLAGE","AVEC VOUS POUR NOTRE VILLAGE","","","OUI",1.0,"F","BIASINI","Leatitia","Française","",""
"01","Ain","01134","Crottet",1.0,"VIVRE ET AVANCER ENSEMBLE","VIVRE ET AVANCER ENSEMBLE","","","OUI",1.0,"M","LHOTELAIS","Jean-Philippe","Française","","OUI"
"01","Ain","01135","Crozet",1.0,"CROZET,NOTRE VILLAGE","CROZET, NOTRE VILLAGE","","","OUI",1.0,"F","REBOUL SALZE","Sophie","Française","","OUI"
"01","Ain","01135","Crozet",2.0,"Crozet pour que la transparence devienne une réalité","Crozet pour que la transparence devienne une réalité","","","OUI",1.0,"M","BIZOUARD","Thomas","Française","","OUI"
"01","Ain","01136","Cruzilles-lès-Mépillat",1.0,"CONTINUER ENSEMBLE POUR CRUZILLES","CONTINUER ENSEMBLE POUR CRUZILLES","","","OUI",1.0,"M","BOYER","Dominique","Française","",""
"01","Ain","01138","Culoz-Béon",1.0,"CULOZ-BEON ENSEMBLE ECRIVONS L'AVENIR","CULOZ-BEON ENSEMBLE ECRIVONS L'AVENIR","","","OUI",1.0,"F","GLEYZE","Déborah","Française","","OUI"
"01","Ain","01138","Culoz-Béon",2.0,"UN NOUVEL ELAN POUR CULOZ-BÉON","UN NOUVEL ELAN POUR CULOZ-BÉON","","","OUI",1.0,"M","ROSSI","Daniel","Française","","OUI"
"01","Ain","01139","Curciat-Dongalon",1.0,"ENSEMBLE, CONTINUONS POUR NOTRE VILLAGE","ENSEMBLE, CONTINUONS POUR NOTRE VILLAGE","","","OUI",1.0,"M","FLEURY","Didier","Française","",""
"01","Ain","01140","Curtafond",1.0,"Proches de vous, engagés pour vous","Proches de vous, engagés pour vous","","","OUI",1.0,"M","GIVORD","Michel","Française","",""
"01","Ain","01141","Cuzieu",1.0,"CUZIEU, CONTINUONS ENSEMBLE !","CUZIEU, CONTINUONS ENSEMBLE !","","","OUI",1.0,"F","CROSNIER","Laurence","Française","",""
"01","Ain","01142","Dagneux",1.0,"Unis pour DAGNEUX","Unis pour DAGNEUX","LDIV","Liste Divers","OUI",1.0,"M","PÉGUET","Jean-Christophe","Française","","OUI"
"01","Ain","01142","Dagneux",2.0,"DAGNEUX VOUS APPARTIENT","DAGNEUX VOUS APPARTIENT","LDVD","Liste divers droite","OUI",1.0,"F","RICHARD VALETTE","Aurélie","Française","","OUI"
"01","Ain","01143","Divonne-les-Bains",1.0,"Tout Simplement Divonne-les-Bains","Tout Simplement Divonne-les-Bains","LDVC","Liste divers centre","OUI",1.0,"M","PERRIER","Martin","Française","","OUI"
"01","Ain","01143","Divonne-les-Bains",2.0,"Divonne-les-Bains, naturellement","Divonne-les-Bains, naturellement","LDVD","Liste divers droite","OUI",1.0,"M","SCATTOLIN","Vincent","Française","","OUI"
"01","Ain","01145","Dompierre-sur-Veyle",1.0,"Bien vivre à Dompierre","Bien vivre à Dompierre","","","OUI",1.0,"F","TABOURET","Martine","Française","","OUI"
"01","Ain","01146","Dompierre-sur-Chalaronne",1.0,"Dompierre en mouvement","Dompierre en mouvement","","","OUI",1.0,"F","VARRIER","Amandine","Française","",""
"01","Ain","01147","Domsure",1.0,"Tous ensemble","Tous ensemble","","","OUI",1.0,"M","VACLE","Patrick","Française","",""
"01","Ain","01148","Dortan",1.0,"IDEE Imaginons Dortan Engagés Ensemble","IDEE Imaginons Dortan Engagés Ensemble","","","OUI",1.0,"M","CORNATON","Lionel","Française","","OUI"
"01","Ain","01148","Dortan",2.0,"UNIS POUR DORTAN 2026","UNIS POUR DORTAN 2026","","","OUI",1.0,"F","DURET","Janine","Française","","OUI"
"01","Ain","01149","Douvres",1.0,"DOUVRES AUTREMENT AVEC VOUS","DOUVRES AUTREMENT AVEC VOUS","","","OUI",1.0,"M","GOMES","Serge","Française","","OUI"
"01","Ain","01149","Douvres",2.0,"UN NOUVEL ELAN POUR DOUVRES","UN NOUVEL ELAN POUR DOUVRES","","","OUI",1.0,"M","HAPCHETTE","Lionel","Française","","OUI"
"01","Ain","01150","Drom",1.0,"Un village une équipe","Un village une équipe","","","OUI",1.0,"M","HERTRICH","Yvan","Française","",""
"01","Ain","01151","Druillat",1.0,"DRUILLAT : CONTINUONS ENSEMBLE","DRUILLAT : CONTINUONS ENSEMBLE","","","OUI",1.0,"M","EMIN","Jean-Luc","Française","","OUI"
"01","Ain","01152","Echallon",1.0,"ECHALON, continuons ensemble","ECHALLON, continuons ensemble","","","OUI",1.0,"F","PONCET","Laurence","Française","",""
"01","Ain","01153","Echenevex",1.0,"L'avenir avec vous","L'avenir avec vous","","","OUI",1.0,"M","NIEPCERON","Jean-Luc","Française","","OUI"
"01","Ain","01153","Echenevex",2.0,"Echenevex, vivre et agir ensemble","Echenevex, Vivre et Agir Ensemble","","","OUI",1.0,"F","VAN ETTINGER","Amélie","Française","","OUI"
"01","Ain","01155","Evosges",1.0,"EVOSGES NOS RACINES NOTRE AVENIR","EVOSGES NOS RACINES NOTRE AVENIR","","","OUI",1.0,"M","NURY","Christian","Française","",""
"01","Ain","01156","Faramans",1.0,"CONTINUONS ENSEMBLE POUR NOTRE VILLAGE","CONTINUONS ENSEMBLE POUR NOTRE VILLAGE","","","OUI",1.0,"M","BROCHIER","Gérard","Française","",""
"01","Ain","01157","Fareins",1.0,"Fareins patrimoine et avenir","Fareins patrimoine et avenir","","","OUI",1.0,"M","DUMOULIN","Yves","Française","","OUI"
"01","Ain","01158","Farges",1.0,"Bien Vivre à Farges","Bien  Vivre à Farges","","","OUI",1.0,"F","GRAZIOTTI","Monique","Française","","OUI"
"01","Ain","01159","Feillens",1.0,"FEILENS DYNAMISME ET AMBITION","FEILLENS DYNAMISME ET AMBITION","","","OUI",1.0,"M","DELALANDE","Arnaud","Française","","OUI"
"01","Ain","01159","Feillens",2.0,"FEILLENS NOUVEL ELAN,UNIS POUR L AVENIR","FEILLENS NOUVEL ELAN,UNIS POUR L AVENIR","","","OUI",1.0,"M","DJEBABRA","Maxime","Française","","OUI"
"01","Ain","01160","Ferney-Voltaire",1.0,"Une Energie Nouvelle Pour Ferney","Une Energie Nouvelle Pour Ferney","LDVC","Liste divers centre","OUI",1.0,"M","PHILIPPS","Pierre-Marie","Française","","OUI"
"01","Ain","01160","Ferney-Voltaire",2.0,"VALEURS COMMUNES","VALEURS COMMUNES","LDVC","Liste divers centre","OUI",1.0,"M","RAPHOZ","Daniel","Française","","OUI"
"01","Ain","01160","Ferney-Voltaire",3.0,"FERNEY EN GRAND","FERNEY EN GRAND","LECO","Liste écologiste","OUI",1.0,"M","KASTLER","Jean-Loup","Française","","OUI"
"01","Ain","01160","Ferney-Voltaire",4.0,"Le Bon Sens","Le BON  SENS","LDIV","Liste Divers","OUI",1.0,"M","LANDREAU","Christian","Française","","OUI"
"01","Ain","01162","Flaxieu",1.0,"UNION POUR FLAXIEU","UNION POUR FLAXIEU","","","OUI",1.0,"M","BAL","Serge","Française","",""
"01","Ain","01163","Foissiat",1.0,"FOISSIAT, CONTINUONS LA DYNAMIQUE","FOISSIAT, CONTINUONS LA DYNAMIQUE","","","OUI",1.0,"M","PICARD","Jean-Luc","Française","","OUI"
"01","Ain","01163","Foissiat",2.0,"ENSEMBLE POUR FOISSIAT","ENSEMBLE POUR FOISSIAT","","","OUI",1.0,"M","THÊTE","Patrice","Française","","OUI"
"01","Ain","01165","Francheleins",1.0,"VIVONS FRANCHELEINS","VIVONS FRANCHELEINS","","","OUI",1.0,"M","LUX","Jean-Michel","Française","","OUI"
"01","Ain","01166","Frans",1.0,"PRESERVER FRANS POUR DEMAIN","PRESERVER FRANS POUR DEMAIN","","","OUI",1.0,"M","SANCHEZ","Guy","Française","","OUI"
"01","Ain","01167","Garnerans",1.0,"CONSTRUIRE L'AVENIR ENSEMBLE, ICI A GARNERANS","CONSTRUIRE L'AVENIR ENSEMBLE, ICI A GARNERANS","","","OUI",1.0,"M","SUAREZ","Rene","Française","",""
"01","Ain","01169","Genouilleux",1.0,"GENOUILLEUX OBLIGE","GENOUILLEUX OBLIGE","","","OUI",1.0,"M","REIGNIER","Alain","Française","",""
"01","Ain","01170","Béard-Géovreissiat",1.0,"LA FORCE DU COLLECTIF POUR BEARD GEOVREISSIAT","LA FORCE DU COLLECTIF POUR BEARD GEOVREISSIAT","","","OUI",1.0,"M","COMTET","Laurent","Française","","OUI"
"01","Ain","01171","Géovreisset",1.0,"Liste apolitique pour la prospérité et l'indépendance de la commune","Liste apolitique pour la prospérité et l'indépendance de la commune","","","OUI",1.0,"M","BERNARD","Christophe","Française","",""
"01","Ain","01173","Gex",1.0,"MIEUX VIVRE À GEX","MIEUX VIVRE À GEX","LDIV","Liste Divers","OUI",1.0,"M","BOCQUET","Vincent","Française","","OUI"
"01","Ain","01173","Gex",2.0,"GEX AVENIR","GEX AVENIR","LDVD","Liste divers droite","OUI",1.0,"M","DUNAND","Patrice","Française","","OUI"
"01","Ain","01174","Giron",1.0,"Giron 2026","Giron 2026","","","OUI",1.0,"M","MOINE","Florian","Française","",""
"01","Ain","01175","Gorrevod",1.0,"PROCHES DE VOUS, ENGAGES POUR TOUS","PROCHES DE VOUS, ENGAGES POUR TOUS","","","OUI",1.0,"M","BADET","Bernard","Française","",""
"01","Ain","01175","Gorrevod",2.0,"MIEUX VIVRE A GORREVOD","MIEUX VIVRE A GORREVOD","","","OUI",1.0,"M","DESMARIS","Christian","Française","",""
"01","Ain","01177","Grand-Corent",1.0,"Ensemble pour Grand-Corent","Ensemble pour Grand-Corent","","","OUI",1.0,"M","RAQUIN","Benjamin","Française","",""
"01","Ain","01179","Grièges",1.0,"ECRIVONS L'AVENIR DE GRIEGES ENSEMBLE","ECRIVONS L'AVENIR DE GRIEGES ENSEMBLE","","","OUI",1.0,"F","GREMY","Annick","Française","","OUI"
"01","Ain","01180","Grilly",1.0,"GRILLY ENTRE TERRE ET HORIZON","GRILLY ENTRE TERRE ET HORIZON","","","OUI",1.0,"F","DUPENLOUP","Christine","Française","",""
"01","Ain","01181","Groissiat",1.0,"NOS VALEURS, NOTRE AVENIR, GROISSIAT","NOS VALEURS, NOTRE AVENIR, GROISSIAT","","","OUI",1.0,"F","DEGUERRY","Patricia","Française","","OUI"
"01","Ain","01183","Guéreins",1.0,"VIVONS GUEREINS","VIVONS GUEREINS","","","OUI",1.0,"M","GALLO","Jean-Charles","Française","","OUI"
"01","Ain","01184","Hautecourt-Romanèche",1.0,"HORIZONS REUNIS","HORIZONS REUNIS","","","OUI",1.0,"M","BATAILLE","Jean-Robert","Française","",""
"01","Ain","01184","Hautecourt-Romanèche",2.0,"Expérience et Jeunesse pour Hautecourt-Romanèche","Expérience et Jeunesse pour Hautecourt-Romanèche","","","OUI",1.0,"F","GIVORD","Nathalie","Française","",""
"01","Ain","01185","Plateau d'Hauteville",1.0,"PLATEAU D'HAUTEVILLE AMBITION COMMUNE","PLATEAU D'HAUTEVILLE AMBITION COMMUNE","LDVD","Liste divers droite","OUI",1.0,"M","EMIN","Philippe","Française","","OUI"
"01","Ain","01185","Plateau d'Hauteville",2.0,"NOUVEAU SOUFFLE","NOUVEAU SOUFFLE","LDVG","Liste divers gauche","OUI",1.0,"M","MACLET","Bernard","Française","","OUI"
"01","Ain","01187","Haut Valromey",1.0,"RACINES ET AVENIR - HAUT VALROMEY","RACINES ET AVENIR - HAUT VALROMEY","","","OUI",1.0,"M","VUAILLAT","Alain","Française","",""
"01","Ain","01188","Illiat",1.0,"Avançons Ensemble pour ILLIAT","Avançons Ensemble pour ILLIAT","","","OUI",1.0,"M","LABALME","Richard","Française","",""
"01","Ain","01189","Injoux-Génissiat",1.0,"en route, ensemble !","en route, ensemble !","","","OUI",1.0,"M","MOSSAZ","Denis","Française","","OUI"
"01","Ain","01190","Innimond",1.0,"LISTE SORTANTE","LISTE SORTANTE","","","OUI",1.0,"M","GARDIEN","Serge","Française","",""
"01","Ain","01191","Izenave",1.0,"Thiery Druet","Thiery Druet","","","OUI",1.0,"M","DRUET","Thiery","Française","",""
"01","Ain","01192","Izernore",1.0,"Un Avenir Responsable Pour Izernore","Un Avenir Responsable Pour Izernore","","","OUI",1.0,"M","MOINE","Michel","Française","","OUI"
"01","Ain","01193","Izieu",1.0,"UNIS POUR IZIEU","UNIS POUR IZIEU","","","OUI",1.0,"M","MARTIN-BARBAZ","Denis","Française","",""
"01","Ain","01194","Jassans-Riottier",1.0,"UN NOUVEL ELAN POUR JASSANS-RIOTTIER","UN NOUVEL ELAN POUR JASSANS-RIOTTIER","LDVD","Liste divers droite","OUI",1.0,"M","COLOMBIER","Jean-François","Française","","OUI"
"01","Ain","01194","Jassans-Riottier",2.0,"JASSANS-RIOTTIER AGIR ET RÉALISER","JASSANS-RIOTTIER AGIR ET RÉALISER","LDIV","Liste Divers","OUI",1.0,"M","REVERCHON","Jean-Pierre","Française","","OUI"
"01","Ain","01194","Jassans-Riottier",3.0,"JASSANS-RIOTTIER - REUSSIR AVEC VOUS","JASSANS-RIOTTIER - REUSSIR AVEC VOUS","LDVC","Liste divers centre","OUI",1.0,"F","SEGURA","Sylvie","Française","","OUI"
"01","Ain","01194","Jassans-Riottier",4.0,"JASSANS-RIOTTIER VILLE D'AVENIR","JASSANS-RIOTTIER VILLE D'AVENIR","LDVD","Liste divers droite","OUI",1.0,"F","REIX","Marie-Laure","Française","","OUI"
"01","Ain","01195","Jasseron",1.0,"Ensemble pour l'avenir de Jasseron... Poursuivons","Ensemble pour l'avenir de Jasseron... Poursuivons","","","OUI",1.0,"M","GOBERT","Sébastien","Française","","OUI"
"01","Ain","01195","Jasseron",2.0,"UNIS POUR JASSERON","UNIS POUR JASSERON","","","OUI",1.0,"M","MUCKE","Gérard","Française","","OUI"
"01","Ain","01196","Jayat",1.0,"""POUR L'AVENIR DE JAYAT""","""POUR L'AVENIR DE JAYAT""","","","OUI",1.0,"M","MOREL","Mickaël","Française","","OUI"
"01","Ain","01197","Journans",1.0,"JOURNANS ENSEMBLE","JOURNANS ENSEMBLE","","","OUI",1.0,"M","PERRON","Yves","Française","",""
"01","Ain","01198","Joyeux",1.0,"ENSEMBLE POUR JOYEUX","ENSEMBLE POUR JOYEUX","","","OUI",1.0,"M","MATHY","Joël","Française","",""
"01","Ain","01199","Jujurieux",1.0,"JUJURIEUX UN AVENIR A PARTAGER","JUJURIEUX UN AVENIR A PARTAGER","","","OUI",1.0,"M","MONGHAL","Frédéric","Française","","OUI"
"01","Ain","01200","Labalme",1.0,"Vivre à Labalme","Vivre à Labalme","","","OUI",1.0,"M","COQUILLE","Thierry","Française","",""
"01","Ain","01202","Lagnieu",1.0,"AGIR POUR LAGNIEU 2026","AGIR POUR LAGNIEU 2026","LDIV","Liste Divers","OUI",1.0,"M","GANDON","Jérome","Française","","OUI"
"01","Ain","01202","Lagnieu",2.0,"CAP SUR LAGNIEU","CAP SUR LAGNIEU","LDIV","Liste Divers","OUI",1.0,"M","NANCHI","Alexandre","Française","","OUI"
"01","Ain","01203","Laiz",1.0,"Laiz en action pour demain","Laiz en action pour demain","","","OUI",1.0,"M","SCHAUVING","Sébastien","Française","","OUI"
"01","Ain","01204","Le Poizat-Lalleyriat",1.0,"UN VILLAGE POUR TOUS","UN VILLAGE POUR TOUS","","","OUI",1.0,"F","TRONCY","Christine","Française","",""
"01","Ain","01206","Lantenay",1.0,"Bien vivre à Lantenay","Bien vivre à Lantenay","","","OUI",1.0,"M","PERTREUX","Anthony","Française","",""
"01","Ain","01207","Lapeyrouse",1.0,"Lapeyrouse notre village","Lapeyrouse notre village","","","OUI",1.0,"M","DUBOST","Rémi","Française","",""
"01","Ain","01208","Lavours",1.0,"LAVOURS, NOTRE VILLAGE","LAVOURS, NOTRE VILLAGE","","","OUI",1.0,"F","BOUILLIEN","Céline","Française","",""
"01","Ain","01209","Léaz",1.0,"L,G,L, 3 Villages pour une commune","Léaz, Gresin,Longeray, 3 Villages pour une communepour une commune","","","OUI",1.0,"M","RAISIN","François","Française","",""
"01","Ain","01210","Lélex",1.0,"Lelex: notre village, notre avenir","Lelex: notre village, notre avenir","","","OUI",1.0,"M","LEVRIER","Patrick","Française","",""
"01","Ain","01210","Lélex",2.0,"Ensemble pour Lélex","Ensemble pour Lélex","","","OUI",1.0,"M","GROSSIORD","Roger","Française","",""
"01","Ain","01211","Lent",1.0,"LENT 2026","LENT 2026","","","OUI",1.0,"M","CRISTIN","Yves","Française","","OUI"
"01","Ain","01212","Lescheroux",1.0,"LESCHEROUX, NOTRE AVENIR COMMUN","LESCHEROUX, NOTRE AVENIR COMMUN","","","OUI",1.0,"F","PETITJEAN","Dominique","Française","",""
"01","Ain","01213","Leyment",1.0,"BIEN VIVRE À LEYMENT","BIEN VIVRE À LEYMENT","","","OUI",1.0,"M","KLINGLER","Lionel Thierry","Française","","OUI"
"01","Ain","01214","Leyssard",1.0,"Leyssard ensemble","Leyssard ensemble","","","OUI",1.0,"M","MOURLEVAT","Michel","Française","",""
"01","Ain","01215","Surjoux-Lhopital",1.0,"SURJOUX-LHOPITAL, agir ensemble pour notre village","SURJOUX-LHOPITAL, agir ensemble pour notre village","","","OUI",1.0,"M","CONSANI","Bruno","Française","",""
"01","Ain","01215","Surjoux-Lhopital",2.0,"Pour la Continuité, Dans l'Intêret général","Pour la Continuité, Dans l'Intêret général","","","OUI",1.0,"M","MALFAIT","Frédéric","Française","",""
"01","Ain","01216","Lhuis",1.0,"AGIR POUR LHUIS","AGIR POUR LHUIS","","","OUI",1.0,"M","GINET","Emmanuel","Française","",""
"01","Ain","01219","Lompnas",1.0,"LONAS 2026","LONAS 2026","","","OUI",1.0,"M","JOUX","Alexandre","Française","",""
"01","Ain","01224","Loyettes",1.0,"ENSEMBLE,CRÉONS DEMAIN","ENSEMBLE,CRÉONS DEMAIN","LDIV","Liste Divers","OUI",1.0,"M","GAGNE","Jean Pierre","Française","","OUI"
"01","Ain","01225","Lurcy",1.0,"LURCY, NOUVEL ELAN","LURCY, NOUVEL ELAN","","","OUI",1.0,"M","BISIGNANO","Domenico","Française","",""
"01","Ain","01227","Magnieu",1.0,"5 VILLAGES,1 AMBITION COMMUNE","5 VILLAGES,1 AMBITION COMMUNE","","","OUI",1.0,"M","BERNARD","René","Française","",""
"01","Ain","01228","Maillat",1.0,"maillat 2026","maillat 2026","","","OUI",1.0,"M","DUCRET","Jean Cyrille","Française","",""
"01","Ain","01229","Malafretaz",1.0,"ENSEMBLE, CONTINUONS D AGIR POUR NOTRE COMMUNE","ENSEMBLE, CONTINUONS D AGIR POUR NOTRE COMMUNE","","","OUI",1.0,"M","LEROUX","Gary","Française","","OUI"
"01","Ain","01230","Mantenay-Montlin",1.0,"MANTENAY ENSEMBLE","MANTENAY ENSEMBLE","","","OUI",1.0,"F","FONTAINE","Celine","Française","",""
"01","Ain","01231","Manziat",1.0,"POUR MANZIAT","POUR MANZIAT","","","OUI",1.0,"M","LARDET","Denis","Française","","OUI"
"01","Ain","01232","Marboz",1.0,"PASSIONNEMENT MARBOZ # 2","PASSIONNEMENT MARBOZ # 2","","","OUI",1.0,"F","MOIRAUD","Christelle","Française","","OUI"
"01","Ain","01233","Marchamp",1.0,"MARCHAMP 2026","MARCHAMP 2026","","","OUI",1.0,"M","PERRET","Christophe","Française","",""
"01","Ain","01234","Marignieu",1.0,"ENSEMBLE POUR MARIGNIEU","ENSEMBLE POUR MARIGNIEU","","","OUI",1.0,"M","DEMANGE","Pascal","Française","",""
"01","Ain","01235","Marlieux",1.0,"INITIATIVES POUR MARLIEUX 2026","INITIATIVES POUR MARLIEUX 2026","","","OUI",1.0,"F","PIPAZ","Muriel","Française","","OUI"
"01","Ain","01235","Marlieux",2.0,"Nouvel Avenir pour Marlieux","Nouvel Avenir pour Marlieux","","","OUI",1.0,"F","DESSERTINE","Chantal","Française","","OUI"
"01","Ain","01236","Marsonnas",1.0,"MARSONNAS, VOTRE VILLAGE !","MARSONNAS, VOTRE VILLAGE !","","","OUI",1.0,"F","THEVENARD","Sandrine","Française","","OUI"
"01","Ain","01237","Martignat",1.0,"Martignat notre commune, notre avenir","Martignat notre commune, notre avenir","","","OUI",1.0,"F","PECHOUX","Marilyn","Française","","OUI"
"01","Ain","01238","Massieux",1.0,"unis pour Massieux 2026","unis pour Massieux 2026","","","OUI",1.0,"M","TESSIAUT","Aurélien","Française","","OUI"
"01","Ain","01238","Massieux",2.0,"Massieux, continuons ensemble","Massieux, continuons ensemble","","","OUI",1.0,"M","NABETH","Patrick","Française","","OUI"
"01","Ain","01239","Massignieu-de-Rives",1.0,"MASSIGNIEU, ENSEMBLE POUR DEMAIN","MASSIGNIEU, ENSEMBLE POUR DEMAIN","","","OUI",1.0,"M","VINETTE","Didier","Française","",""
"01","Ain","01240","Matafelon-Granges",1.0,"ensemble pour matafelon-granges","ensemble pour matafelon-granges","","","OUI",1.0,"M","GLAD","Damien","Française","",""
"01","Ain","01241","Meillonnas",1.0,"Ensemble pour MEILLONNAS","Ensemble pour MEILLONNAS","","","OUI",1.0,"M","ARRAGON","Jean-Pierre","Française","","OUI"
"01","Ain","01242","Mérignat",1.0,"Mérignat En Commun","Mérignat En Commun","","","OUI",1.0,"M","TERRAL","Louis","Française","",""
"01","Ain","01243","Messimy-sur-Saône",1.0,"POUR UN VILLAGE VIVANT ET SOLIDAIRE","POUR UN VILLAGE VIVANT ET SOLIDAIRE","","","OUI",1.0,"M","VILLARET","François","Française","","OUI"
"01","Ain","01243","Messimy-sur-Saône",2.0,"MESSIMY-SUR-SAONE, NOTRE VILLAGE DE VIE","MESSIMY-SUR-SAONE, NOTRE VILLAGE DE VIE","","","OUI",1.0,"M","BEGUET","Christian","Française","","OUI"
"01","Ain","01244","Meximieux",1.0,"MEXIMIEUX UN AVENIR ENSEMBLE","MEXIMIEUX UN AVENIR ENSEMBLE","LDVG","Liste divers gauche","OUI",1.0,"M","HABI","Samir","Française","","OUI"
"01","Ain","01244","Meximieux",2.0,"HORIZON 2026-2032 DES PROJETS POUR MEXIMIEUX","HORIZON 2026-2032 DES PROJETS POUR MEXIMIEUX","LDIV","Liste Divers","OUI",1.0,"M","RAMEL","Jean-Luc","Française","","OUI"
"01","Ain","01245","Bohas-Meyriat-Rignat",1.0,"ENSEMBLE POUR L'UNITÉ DE NOTRE COMMUNE","ENSEMBLE POUR L'UNITÉ DE NOTRE COMMUNE","","","OUI",1.0,"F","CARRY","Nicole","Française","",""
"01","Ain","01245","Bohas-Meyriat-Rignat",2.0,"NOS VILLAGES, NOTRE AVENIR, UNIS POUR AVANCER","NOS VILLAGES, NOTRE AVENIR, UNIS POUR AVANCER","","","OUI",1.0,"M","DEGAND","Pascal","Française","",""
"01","Ain","01246","Mézériat",1.0,"AGIR ENSEMBLE MEZERIAT","AGIR ENSEMBLE MEZERIAT","","","OUI",1.0,"M","DUPUIT","Guy","Française","","OUI"
"01","Ain","01247","Mijoux",1.0,"Mijoux, Cap sur l'Avenir","Mijoux, Cap sur l'Avenir","","","OUI",1.0,"M","LEGAY","Guillaume","Française","",""
"01","Ain","01248","Mionnay",1.0,"MIONNAY 2026 : Préserver notre village, préparer l'avenir","MIONNAY 2026 : Préserver notre village, préparer l'avenir","","","OUI",1.0,"F","FLEURY","Emilie","Française","","OUI"
"01","Ain","01249","Miribel",1.0,"CAP SUR DEMAIN - MIRIBEL - LE MAS RILLIER - LES ECHETS","CAP SUR DEMAIN - MIRIBEL - LE MAS RILLIER - LES ECHETS","LDVC","Liste divers centre","OUI",1.0,"F","DESCOURS","Nathalie","Française","","OUI"
"01","Ain","01249","Miribel",2.0,"MIRIBEL C'EST VOUS","MIRIBEL C'EST VOUS","LDIV","Liste Divers","OUI",1.0,"M","BOYET","Jérôme","Française","","OUI"
"01","Ain","01249","Miribel",3.0,"MIRIBEL AU COEUR","MIRIBEL AU COEUR","LDIV","Liste Divers","OUI",1.0,"F","VIRICEL","Sylvie","Française","","OUI"
"01","Ain","01249","Miribel",4.0,"Miribel, responsable et ambitieuse","Miribel, responsable et ambitieuse","LDVD","Liste divers droite","OUI",1.0,"M","NAZARET","Tanguy","Française","","OUI"
"01","Ain","01250","Misérieux",1.0,"ENSEMBLE CONTINUONS D'AGIR POUR MISERIEUX","ENSEMBLE CONTINUONS D'AGIR POUR MISERIEUX","","","OUI",1.0,"M","AUMONIER","Gabriel","Française","","OUI"
"01","Ain","01250","Misérieux",2.0,"UN NOUVEL ELAN AVEC LES MISELLANS","UN NOUVEL ELAN AVEC LES MISELLANS","","","OUI",1.0,"M","TOSCANI","Julien Louis","Française","","OUI"
"01","Ain","01252","Mogneneins",1.0,"Un nouvel élan pour Mogneneins","Un nouvel élan pour Mogneneins","","","OUI",1.0,"M","DEVAUX","Patrick","Française","",""
"01","Ain","01252","Mogneneins",2.0,"MOGNENEINS ENSEMBLE POUR DEMAIN","MOGNENEINS ENSEMBLE POUR DEMAIN","","","OUI",1.0,"M","CHAMPION","Jean-Pierre","Française","",""
"01","Ain","01254","Montagnat",1.0,"VIVRE ENSEMBLE","VIVRE ENSEMBLE","","","OUI",1.0,"M","CHANEL","Patrick","Française","","OUI"
"01","Ain","01255","Montagnieu",1.0,"ENSEMBLE, CULTIVONS L'AVENIR","ENSEMBLE, CULTIVONS L'AVENIR","","","OUI",1.0,"F","MAGNIEN","Geraldine","Française","",""
"01","Ain","01255","Montagnieu",2.0,"UNIS À MONTAGNIEU","UNIS À MONTAGNIEU","","","OUI",1.0,"M","VOLLAT","Franck","Française","",""
"01","Ain","01257","Montanges",1.0,"MONTANGES unis pour l'avenir","MONTANGES unis pour l'avenir","","","OUI",1.0,"F","BENOIT-GODET","Denise","Française","",""
"01","Ain","01258","Montceaux",1.0,"ENSEMBLE, UN NOUVEAU SOUFFLE POUR MONTCEAUX","ENSEMBLE, UN NOUVEAU SOUFFLE POUR MONTCEAUX","","","OUI",1.0,"M","MARTIN","Dominique","Française","","OUI"
"01","Ain","01258","Montceaux",2.0,"MONTCEAUX, DEMAIN","MONTCEAUX, DEMAIN","","","OUI",1.0,"F","CHMARA","Patricia","Française","","OUI"
"01","Ain","01259","Montcet",1.0,"MONTCET NOTRE VILLAGE","MONTCET NOTRE VILLAGE","","","OUI",1.0,"M","TARPIN","Franck","Française","",""
"01","Ain","01260","Le Montellier",1.0,"ENSEMBLE POUR LE MONTELLIER","ENSEMBLE POUR LE MONTELLIER","","","OUI",1.0,"M","MARTIN","Patrice","Française","",""
"01","Ain","01261","Monthieux",1.0,"ENSEMBLE FAISONS VIVRE MONTHIEUX","ENSEMBLE FAISONS VIVRE MONTHIEUX","","","OUI",1.0,"M","PAILLASSON","Philippe","Française","",""
"01","Ain","01262","Montluel",1.0,"l'avenir de Montluel avec vous","l'avenir de Montluel avec vous","LDVD","Liste divers droite","OUI",1.0,"M","BELAIR","Philippe","Française","","OUI"
"01","Ain","01262","Montluel",2.0,"MIEUX VIVRE A MONTLUEL","MIEUX VIVRE A MONTLUEL","LDIV","Liste Divers","OUI",1.0,"F","GALLAGA","Isabelle","Française","","OUI"
"01","Ain","01263","Montmerle-sur-Saône",1.0,"UNIS POUR MONTMERLE-SUR-SAONE","UNIS POUR MONTMERLE-SUR-SAONE","LDIV","Liste Divers","OUI",1.0,"M","RUTSCHI","Didier","Française","","OUI"
"01","Ain","01264","Montracol",1.0,"CONTINUONS ENSEMBLE POUR MONTRACOL","CONTINUONS ENSEMBLE POUR MONTRACOL","","","OUI",1.0,"M","LAFONT","David","Française","","OUI"
"01","Ain","01265","Montréal-la-Cluse",1.0,"BIEN VIVRE A MONTREAL LA CLUSE","BIEN VIVRE A MONTREAL LA CLUSE","LDVD","Liste divers droite","OUI",1.0,"M","DUFOUR","Patrick","Française","","OUI"
"01","Ain","01266","Montrevel-en-Bresse",1.0,"S'ENGAGER PLUS LOIN !","S'ENGAGER PLUS LOIN !","","","OUI",1.0,"M","BREVET","Jean-Yves","Française","","OUI"
"01","Ain","01267","Nurieux-Volognat",1.0,"POUR NOTRE COMMUNE AUJOURD'HUI ET DEMAIN","POUR NOTRE COMMUNE AUJOURD'HUI ET DEMAIN","","","OUI",1.0,"M","PERNET","Philippe","Française","",""
"01","Ain","01268","Murs-et-Gélignieux",1.0,"POUR CONTINUER A BIEN VIVRE A MURS ET  GELIGNIEUX","POUR CONTINUER A BIEN VIVRE A MURS ET GELIGNIEUX","","","OUI",1.0,"M","VALLIN","Pierre","Française","",""
"01","Ain","01269","Nantua",1.0,"NANTUA NOTRE VILLE 2026","NANTUA NOTRE VILLE 2026","LDVD","Liste divers droite","OUI",1.0,"M","THOMASSET","Jean-Pascal","Française","","OUI"
"01","Ain","01269","Nantua",2.0,"Nantua Le Réveil","Nantua Le Réveil","LDVD","Liste divers droite","OUI",1.0,"F","DEBUS","Séverine Nathalie Jacqueline","Française","","OUI"
"01","Ain","01272","Neuville-les-Dames",1.0,"Viv(r)e Neuville ensemble","Viv(r)e Neuville ensemble","","","OUI",1.0,"M","JOSSERAND","Aurélien","Française","","OUI"
"01","Ain","01272","Neuville-les-Dames",2.0,"NEUVILLE - CONTINUONS ENSEMBLE","NEUVILLE - CONTINUONS ENSEMBLE","","","OUI",1.0,"M","MORANDAS","Patrice","Française","","OUI"
"01","Ain","01273","Neuville-sur-Ain",1.0,"NEUVILLE SUR AIN, Au coeur de demain","NEUVILLE SUR AIN, Au coeur de demain","","","OUI",1.0,"M","SICARD","Alain","Française","","OUI"
"01","Ain","01273","Neuville-sur-Ain",2.0,"ENSEMBLE POUR NEUVILLE","ENSEMBLE POUR NEUVILLE","","","OUI",1.0,"M","CURT","Georges","Française","","OUI"
"01","Ain","01274","Les Neyrolles",1.0,"Les Neyrolles c'est nous avec vous !","Les Neyrolles c'est nous avec vous !","","","OUI",1.0,"F","DESJOURS","Emilie","Française","",""
"01","Ain","01275","Neyron",1.0,"VIVRE NEYRON","VIVRE NEYRON","","","OUI",1.0,"F","FRANCOIS","Christine","Française","","OUI"
"01","Ain","01276","Niévroz",1.0,"NIEVROZ DYNAMIQUE","NIEVROZ DYNAMIQUE","","","OUI",1.0,"M","DÉTRÉ","Jean-Christophe","Française","","OUI"
"01","Ain","01276","Niévroz",2.0,"UN ESPRIT DE VILLAGE - AGIR POUR NIÉVROZ","UN ESPRIT DE VILLAGE - AGIR POUR NIÉVROZ","","","OUI",1.0,"F","FOURNIER","Michelle","Française","","OUI"
"01","Ain","01277","Nivollet-Montgriffon",1.0,"LISTE 1","LISTE 1","","","OUI",1.0,"M","SIMONNET","Emmanuel","Française","",""
"01","Ain","01279","Oncieu",1.0,"ONCIEU 2026","ONCIEU 2026","","","OUI",1.0,"M","JACQUEMIN","Denis","Française","",""
"01","Ain","01280","Ordonnaz",1.0,"ENGAGÉS POUR ORDONNAZ","ENGAGÉS POUR ORDONNAZ","","","OUI",1.0,"M","REYMOND-BABOLAT","Laurent","Française","",""
"01","Ain","01281","Ornex",1.0,"Vivre Ornex, vivre ensemble","Vivre Ornex, vivre ensemble","LDIV","Liste Divers","OUI",1.0,"M","HERVO","Jérôme","Française","","OUI"
"01","Ain","01281","Ornex",2.0,"J'aime ORNEX","J'aime ORNEX","LDVC","Liste divers centre","OUI",1.0,"M","GUICHARD","Olivier","Française","","OUI"
"01","Ain","01282","Outriaz",1.0,"Ensemble pour Outriaz","Ensemble pour Outriaz","","","OUI",1.0,"M","ROY","Jean-François","Française","",""
"01","Ain","01282","Outriaz",2.0,"UNIS POUR OUTRIAZ","UNIS POUR OUTRIAZ","","","OUI",1.0,"M","LANGLOIS","Frédéric","Française","",""
"01","Ain","01283","Oyonnax",1.0,"AVANCONS ENSEMBLE POUR OYONNAX","AVANCONS ENSEMBLE POUR OYONNAX","LDVD","Liste divers droite","OUI",1.0,"M","HARMEL","Laurent","Française","","OUI"
"01","Ain","01283","Oyonnax",2.0,"OYONNAX EN COMMUN","OYONNAX EN COMMUN","LDVG","Liste divers gauche","OUI",1.0,"M","MONNIER","Loïc","Française","","OUI"
"01","Ain","01283","Oyonnax",3.0,"BOOSTE OYONNAX","BOOSTE OYONNAX","LDIV","Liste Divers","OUI",1.0,"M","VIRY","Joel","Française","","OUI"
"01","Ain","01283","Oyonnax",4.0,"TOUS UNIS POUR OYONNAX","TOUS UNIS POUR OYONNAX","LDVD","Liste divers droite","OUI",1.0,"M","MARTINEZ","Julien","Française","","OUI"
"01","Ain","01284","Ozan",1.0,"TOUS ENSEMBLE POUR OZAN","TOUS ENSEMBLE POUR OZAN","","","OUI",1.0,"M","CATHERIN","Gilles","Française","",""
"01","Ain","01285","Parcieux",1.0,"UN AVENIR POUR PARCIEUX","UN AVENIR POUR PARCIEUX","","","OUI",1.0,"F","SKRZYPCZAK","Annie","Française","","OUI"
"01","Ain","01286","Parves et Nattages",1.0,"AGIR POUR TOUS AVEC TOUS","AGIR POUR TOUS AVEC TOUS","","","OUI",1.0,"M","FAQUIN","Michel","Française","",""
"01","Ain","01288","Péron",1.0,"IMAGINONS PÉRON","IMAGINONS PÉRON","","","OUI",1.0,"F","FERROLLIET","Francoise","Française","","OUI"
"01","Ain","01289","Péronnas",1.0,"PERONNAS AVEC VOUS","PERONNAS AVEC VOUS","LDVD","Liste divers droite","OUI",1.0,"F","CEDILEAU","Hélène","Française","","OUI"
"01","Ain","01289","Péronnas",2.0,"ALTERNATIVE PERONNAS 2026 - DES PROJETS PARTAGES","ALTERNATIVE PERONNAS 2026 - DES PROJETS PARTAGES","LDVG","Liste divers gauche","OUI",1.0,"M","FAYARD","Pascal","Française","","OUI"
"01","Ain","01290","Pérouges",1.0,"UNIS POUR PÉROUGES","UNIS POUR PÉROUGES","","","OUI",1.0,"F","MICOLAS","Nathalie","Française","","OUI"
"01","Ain","01291","Perrex",1.0,"Ensemble pour Perrex","Ensemble pour Perrex","","","OUI",1.0,"M","VIGHETTI","Jean-Jacques","Française","",""
"01","Ain","01293","Peyriat",1.0,"PEYRIAT 2026","PEYRIAT 2026","","","OUI",1.0,"M","GUENRO","Sylvain","Française","",""
"01","Ain","01294","Peyrieu",1.0,"VIVRE PEYRIEU","VIVRE PEYRIEU","","","OUI",1.0,"M","COCHONAT","Pierre","Française","",""
"01","Ain","01295","Peyzieux-sur-Saône",1.0,"TOUS ENSEMBLE AUJOURD'HUI POUR PREPARER L'AVENIR","TOUS ENSEMBLE AUJOURD'HUI POUR PREPARER L'AVENIR","","","OUI",1.0,"M","COTTEY","Romain","Française","",""
"01","Ain","01296","Pirajoux",1.0,"BIEN VIVRE A PIRAJOUX","BIEN VIVRE A PIRAJOUX","","","OUI",1.0,"F","FERLET","Cécile","Française","",""
"01","Ain","01297","Pizay",1.0,"CONTINUONS ENSEMBLE POUR FAIRE RAYONNER PIZAY","CONTINUONS ENSEMBLE POUR FAIRE RAYONNER PIZAY","","","OUI",1.0,"M","GRIMAND","Marc","Française","",""
"01","Ain","01298","Plagne",1.0,"PLAGNE 2026","PLAGNE 2026","","","OUI",1.0,"M","DINOCHEAU","Philippe","Française","",""
"01","Ain","01299","Le Plantay",1.0,"A LE PLANTAY, IL FAIT BON VIVRE ENSEMBLE","A LE PLANTAY, IL FAIT BON VIVRE ENSEMBLE","","","OUI",1.0,"M","SARONI","Patrick","Française","",""
"01","Ain","01301","Polliat",1.0,"Polliat, au coeur de nos engagements","Polliat, au coeur de nos engagements","","","OUI",1.0,"M","BIENVENU","Bernard","Française","","OUI"
"01","Ain","01302","Pollieu",1.0,"POLLIEU-LEYZIEU-LAC DE BARTERAND 2026 CONTINUER ENSEMBLE","POLLIEU-LEYZIEU-LAC DE BARTERAND 2026 CONTINUER ENSEMBLE","","","OUI",1.0,"M","BRUN","Jean-Philippe","Française","",""
"01","Ain","01302","Pollieu",2.0,"AVENIR PARTAGÉ","AVENIR PARTAGÉ","","","OUI",1.0,"F","DE LORENZI","Laurence","Française","",""
"01","Ain","01303","Poncin",1.0,"Poncin Demain","Poncin Demain","","","OUI",1.0,"M","MUIA","Jean-Christophe","Française","","OUI"
"01","Ain","01303","Poncin",2.0,"Poncin - Agir Ensemble","Poncin - Agir Ensemble","","","OUI",1.0,"M","FOURNIER","Christophe","Française","","OUI"
"01","Ain","01304","Pont-d'Ain",1.0,"PONT D'AIN DONNONS VIE A DEMAIN","PONT D'AIN DONNONS VIE A DEMAIN","","","OUI",1.0,"M","BOURDEAUDUCQ","Vincent","Française","","OUI"
"01","Ain","01305","Pont-de-Vaux",1.0,"PONT-DE-VAUX ENSEMBLE","PONT-DE-VAUX ENSEMBLE","","","OUI",1.0,"M","PAUGET","Yves","Française","","OUI"
"01","Ain","01306","Pont-de-Veyle",1.0,"PONT-DE-VEYLE, ENSEMBLE POUR L'AVENIR","PONT-DE-VEYLE, ENSEMBLE POUR L'AVENIR","","","OUI",1.0,"M","MICHEL","Luc","Française","","OUI"
"01","Ain","01307","Port",1.0,"ESPRIT VILLAGE","ESPRIT VILLAGE","","","OUI",1.0,"F","CHANTRAN","Catherine","Française","",""
"01","Ain","01308","Pougny",1.0,"POUGNY Poursuivre ensemble","POUGNY Poursuivre ensembe","","","OUI",1.0,"M","PHILIPPE","Hervé","Française","",""
"01","Ain","01309","Pouillat",1.0,"BIEN VIVRE A POUILLAT","BIEN VIVRE A POUILLAT","","","OUI",1.0,"M","REVEL","Jean Pierre","Française","",""
"01","Ain","01310","Prémeyzel",1.0,"BIEN VIVRE À PREMEYZEL","BIEN VIVRE À PREMEYZEL","","","OUI",1.0,"M","VIGHETTO","Sylvain","Française","",""
"01","Ain","01311","Prémillieu",1.0,"ENSEMBLE POUR PREMILLIEU","ENSEMBLE POUR PREMILLIEU","","","OUI",1.0,"M","TORRION","Pascal","Française","",""
"01","Ain","01313","Prévessin-Moëns",1.0,"Agir ensemble pour Prévessin-Moëns","Agir ensemble pour Prévessin-Moëns","LDVD","Liste divers droite","OUI",1.0,"M","CHAUVET","Bernard","Française","","OUI"
"01","Ain","01313","Prévessin-Moëns",2.0,"Prévessin-Moëns Demain Ensemble Autrement","Prévessin-Moëns Demain Ensemble Autrement","LECO","Liste écologiste","OUI",1.0,"M","UBAUD","Cyril","Française","","OUI"
"01","Ain","01314","Priay",1.0,"UN RENOUVEAU POUR PRIAY","UN RENOUVEAU POUR PRIAY","","","OUI",1.0,"M","MAJORCZYK","Gilles","Française","","OUI"
"01","Ain","01314","Priay",2.0,"Continuons ensemble pour Priay","Continuons ensemble pour Priay","","","OUI",1.0,"F","CHARMETANT","Fabienne","Française","","OUI"
"01","Ain","01317","Ramasse",1.0,"AGIR ENSEMBLE","AGIR ENSEMBLE","","","OUI",1.0,"M","PASSAQUET","Christian","Française","",""
"01","Ain","01318","Rancé",1.0,"RANCÉ en mouvement, continuons ensemble","RANCÉ en mouvement, continuons ensemble","","","OUI",1.0,"M","BIHLER","Fabien","Française","",""
"01","Ain","01319","Relevant",1.0,"Un nouvel élan pour Relevant","Un nouvel élan pour Relevant","","","OUI",1.0,"M","FERRAIS-DAMOUR","Damien","Française","",""
"01","Ain","01320","Replonges",1.0,"REPLONGES POUR TOUS","REPLONGES POUR TOUS","LLR","Liste des Républicains","OUI",1.0,"M","VERNOUX","Bertrand","Française","","OUI"
"01","Ain","01321","Revonnas",1.0,"REVONNAS DEMAIN","REVONNAS DEMAIN","","","OUI",1.0,"M","ROCHE","Patrick","Française","",""
"01","Ain","01322","Reyrieux",1.0,"REYRIEUX DEMAIN","REYRIEUX DEMAIN","LDVC","Liste divers centre","OUI",1.0,"F","BAUDOUX","Cécile","Française","","OUI"
"01","Ain","01322","Reyrieux",2.0,"POURSUIVONS L'ACTION !","POURSUIVONS L'ACTION !","LDIV","Liste Divers","OUI",1.0,"F","BONTEMPS-HESDIN","Carole","Française","","OUI"
"01","Ain","01322","Reyrieux",3.0,"REUSSIR REYRIEUX","REUSSIR REYRIEUX","LDVC","Liste divers centre","OUI",1.0,"M","BABAD","Marcel","Française","","OUI"
"01","Ain","01323","Reyssouze",1.0,"VIVR'REYSSOUZE","VIVR'REYSSOUZE","","","OUI",1.0,"M","ROUDAUT","Dominique","Française","",""
"01","Ain","01325","Rignieux-le-Franc",1.0,"QUINZE POUR TOUS","QUINZE POUR TOUS","","","OUI",1.0,"M","THOMAZET","Fabien","Française","","OUI"
"01","Ain","01328","Romans",1.0,"CONTINUONS ENSEMBLE POUR ROMANS","CONTINUONS ENSEMBLE POUR ROMANS","","","OUI",1.0,"M","PERRADIN","Laurent","Française","",""
"01","Ain","01329","Rossillon",1.0,"ROSSILLON","ROSSILLON","","","OUI",1.0,"M","COUILLOUD","Jean-Yves Christian","Française","",""
"01","Ain","01331","Saint-Alban",1.0,"ENSEMBLE POUR SAINT ALBAN","ENSEMBLE POUR SAINT ALBAN","","","OUI",1.0,"F","DE VECCHI","Béatrice","Française","",""
"01","Ain","01332","Saint-André-de-Bâgé",1.0,"Une équipe qui agit, un village qui avance","Une équipe qui agit, un village qui avance","","","OUI",1.0,"M","PLENARD","Philippe","Française","",""
"01","Ain","01333","Saint-André-de-Corcy",1.0,"NOTRE VILLAGE, NOTRE AVENIR","NOTRE VILLAGE, NOTRE AVENIR","","","OUI",1.0,"M","LEFEVER","Claude","Française","","OUI"
"01","Ain","01333","Saint-André-de-Corcy",2.0,"ICI & MAINTENANT 2026","ICI & MAINTENANT 2026","","","OUI",1.0,"M","LOREAU","Ludovic","Française","","OUI"
"01","Ain","01334","Saint-André-d'Huiriat",1.0,"UNIS POUR NOTRE VILLAGE","UNIS POUR NOTRE VILLAGE","","","OUI",1.0,"M","DOUVRES","Dorian","Française","",""
"01","Ain","01335","Saint-André-le-Bouchoux",1.0,"Ensemble pour Saint André le Bouchoux","Ensemble pour Saint André le Bouchoux","","","OUI",1.0,"M","HAUPERT","Frédéric","Française","",""
"01","Ain","01336","Saint-André-sur-Vieux-Jonc",1.0,"AVEC VOUS, CONSTRUISONS L'AVENIR","AVEC VOUS, CONSTRUISONS L'AVENIR","","","OUI",1.0,"F","PIOTTE","Christine","Française","","OUI"
"01","Ain","01337","Saint-Bénigne",1.0,"S'ENGAGER POUR SAINT-BENIGNE","S'ENGAGER POUR SAINT-BENIGNE","","","OUI",1.0,"F","UNIA","Emily","Française","","OUI"
"01","Ain","01338","Groslée-Saint-Benoit",1.0,"UN VILLAGE VIVANT, POUR UN AVENIR PARTAGÉ","UN VILLAGE VIVANT, POUR UN AVENIR PARTAGÉ","","","OUI",1.0,"F","DE VILLA","Justine","Française","","OUI"
"01","Ain","01339","Saint-Bernard",1.0,"SAINT-BERNARD C'EST VOUS","SAINT-BERNARD C'EST VOUS","","","OUI",1.0,"M","VIENOT","Frederic","Française","","OUI"
"01","Ain","01339","Saint-Bernard",2.0,"Un village uni pour demain","Un village uni pour demain","","","OUI",1.0,"F","TERACOL","Bélinda","Française","","OUI"
"01","Ain","01342","Sainte-Croix",1.0,"CONTINUONS D'AGIR POUR NOTRE VILLAGE","CONTINUONS D'AGIR POUR NOTRE VILLAGE","","","OUI",1.0,"F","GENEVOIS MEITRE","Sylvie","Française","",""
"01","Ain","01342","Sainte-Croix",2.0,"ENSEMBLE POUR SAINTE CROIX","ENSEMBLE POUR SAINTE CROIX","","","OUI",1.0,"F","FALZON","Jacqueline","Française","",""
"01","Ain","01343","Saint-Cyr-sur-Menthon",1.0,"ENSEMBLE, CONSTRUISONS UN NOUVEL ELAN POUR DEMAIN","ENSEMBLE, CONSTRUISONS UN NOUVEL ELAN POUR DEMAIN","","","OUI",1.0,"M","CHAGNARD","Florian","Française","","OUI"
"01","Ain","01343","Saint-Cyr-sur-Menthon",2.0,"SAINT CYR AU COEUR DE NOS ENGAGEMENTS","SAINT CYR AU COEUR DE NOS ENGAGEMENTS","","","OUI",1.0,"F","PALLE","Karine","Française","","OUI"
"01","Ain","01344","Saint-Denis-lès-Bourg",1.0,"SAINT DENIS ENSEMBLE","SAINT DENIS ENSEMBLE","LDVG","Liste divers gauche","OUI",1.0,"M","FAUVET","Guillaume","Française","","OUI"
"01","Ain","01345","Saint-Denis-en-Bugey",1.0,"ENSEMBLE, AGISSONS POUR DEMAIN","ENSEMBLE, AGISSONS POUR DEMAIN","","","OUI",1.0,"F","CAUWET-DELBARRE","Valérie","Française","","OUI"
"01","Ain","01346","Saint-Didier-d'Aussiat",1.0,"Ensemble pour Saint Didier","Ensemble pour Saint Didier","","","OUI",1.0,"M","PERROT","Dominique","Française","",""
"01","Ain","01347","Saint-Didier-de-Formans",1.0,"SAINT-DIDIER AVANT TOUT","SAINT-DIDIER AVANT TOUT","","","OUI",1.0,"M","VALLOS","Frederic","Française","","OUI"
"01","Ain","01348","Saint-Didier-sur-Chalaronne",1.0,"SAINT-DIDIER-UNI, L'AVENIR S'INVENTE ICI !","SAINT-DIDIER-UNI, L'AVENIR S'INVENTE ICI !","","","OUI",1.0,"M","DUMAY","Renaud","Française","","OUI"
"01","Ain","01349","Saint-Eloi",1.0,"CONTINUONS ENSEMBLE","CONTINUONS ENSEMBLE","","","OUI",1.0,"M","CHAMPAULT","Jehan-Benoît","Française","",""
"01","Ain","01349","Saint-Eloi",2.0,"ENSEMBLE POUR L'AVENIR DE SAINT ELOI","ENSEMBLE POUR L'AVENIR DE SAINT ELOI","","","OUI",1.0,"M","CHAPITEAU","Franck","Française","",""
"01","Ain","01350","Saint-Etienne-du-Bois",1.0,"ALAIN CHAPUIS 2026","ALAIN CHAPUIS 2026","","","OUI",1.0,"M","CHAPUIS","Alain","Française","","OUI"
"01","Ain","01351","Saint-Etienne-sur-Chalaronne",1.0,"Agissons ensemble pour un village vivant et durable","Agissons ensemble pour un village vivant et durable","","","OUI",1.0,"M","FAUVAIN","Gaëtan","Française","","OUI"
"01","Ain","01352","Saint-Etienne-sur-Reyssouze",1.0,"Collectif Saint Etienne sur Reyssouze","Collectif Saint Etienne sur Reyssouze","","","OUI",1.0,"F","THEVENARD","Martine","Française","",""
"01","Ain","01353","Sainte-Euphémie",1.0,"UN NOUVEL ELAN POUR SAINTE-EUPHEMIE","UN NOUVEL ELAN POUR SAINTE-EUPHEMIE","","","OUI",1.0,"M","GENIQUET","Emmanuel","Française","","OUI"
"01","Ain","01354","Saint-Genis-Pouilly",1.0,"Pour Saint-Genis-Pouilly","Pour Saint-Genis-Pouilly","LDIV","Liste Divers","OUI",1.0,"F","DURAND","Sylvie","Française","","OUI"
"01","Ain","01354","Saint-Genis-Pouilly",2.0,"Saint Genis Pouilly notre commune, notre avenir","Saint Genis Pouilly notre commune,notre avenir","LDVC","Liste divers centre","OUI",1.0,"M","CATHERIN","Gilles","Française","","OUI"
"01","Ain","01354","Saint-Genis-Pouilly",3.0,"Vision Commun Saint-Genis-Pouilly","Vision Commune Saint-Genis-Pouilly","LDVG","Liste divers gauche","OUI",1.0,"M","BERTRAND","Hubert","Française","","OUI"
"01","Ain","01355","Saint-Genis-sur-Menthon",1.0,"Vivre Saint-Genis demain","Vivre Saint-Genis demain","","","OUI",1.0,"M","GREFFET","Christophe","Française","",""
"01","Ain","01356","Saint-Georges-sur-Renon",1.0,"POUR SAINT GEORGES SUR RENON","POUR SAINT GEORGES SUR RENON","","","OUI",1.0,"F","PERI","Sonia","Française","",""
"01","Ain","01357","Saint-Germain-de-Joux",1.0,"un nouvel élan pour saint germain de joux","un nouvel élan pour saint germain de joux","","","OUI",1.0,"M","BERTRAND","Benjamin","Française","",""
"01","Ain","01357","Saint-Germain-de-Joux",2.0,"PRESERVER NOTRE VILLAGE","PRESERVER NOTRE VILLAGE, CONSTRUIRE DEMAIN","","","OUI",1.0,"M","DELACHENAL","Yves","Française","",""
"01","Ain","01358","Saint-Germain-les-Paroisses",1.0,"AVEC VOUS POUR SAINT GERMAIN","AVEC VOUS POUR SAINT GERMAIN","","","OUI",1.0,"M","CASTIN","Régis","Française","",""
"01","Ain","01359","Saint-Germain-sur-Renon",1.0,"BIEN VIVRE A SAINT GERMAIN SUR RENON","BIEN VIVRE A SAINT GERMAIN SUR RENON","","","OUI",1.0,"M","MONIER","Christophe","Française","",""
"01","Ain","01360","Saint-Jean-de-Gonville",1.0,"L'unité au coeur de St Jean","L'UNITÉ AU COEUR DE ST JEAN","","","OUI",1.0,"M","BRULHART","Michel","Française","","OUI"
"01","Ain","01361","Saint-Jean-de-Niost",1.0,"Saint-Jean toujours L'esprit Village","Saint-Jean toujours L'esprit Village","","","OUI",1.0,"F","DALMAZ","Béatrice","Française","","OUI"
"01","Ain","01362","Saint-Jean-de-Thurigneux",1.0,"VIVRE A SAINT JEAN, ENSEMBLE","VIVRE A SAINT JEAN, ENSEMBLE","","","OUI",1.0,"M","BERTHOMIEU","Stephane","Française","",""
"01","Ain","01363","Saint-Jean-le-Vieux",1.0,"Un nouvel élan pour Saint-Jean","Un nouvel élan pour Saint-Jean","","","OUI",1.0,"M","MUGNIER","David","Française","","OUI"
"01","Ain","01363","Saint-Jean-le-Vieux",2.0,"Saint Jean notre village, notre avenir","Saint Jean notre village, notre avenir","","","OUI",1.0,"M","MAROQUENNE","Bernard","Française","","OUI"
"01","Ain","01364","Saint-Jean-sur-Reyssouze",1.0,"Saint-Jean-sur-Reyssouze, l'avenir ensemble","Saint-Jean-sur-Reyssouze, l'avenir ensemble","","","OUI",1.0,"F","COURTOIS","Sandrine","Française","",""
"01","Ain","01365","Saint-Jean-sur-Veyle",1.0,"NOTRE COMMMUNE : UN BIEN COMMUN","NOTRE COMMMUNE : UN BIEN COMMUN","","","OUI",1.0,"F","RENOUD-LYAT","Agnès","Française","","OUI"
"01","Ain","01366","Sainte-Julie",1.0,"POUR UN VILLAGE QUI NOUS RASSEMBLE","POUR UN VILLAGE QUI NOUS RASSEMBLE","","","OUI",1.0,"M","CHAPPELLAZ","Lionel","Française","","OUI"
"01","Ain","01367","Saint-Julien-sur-Reyssouze",1.0,"UN VILLAGE, UNE EQUIPE, UN AVENIR","UN VILLAGE, UNE EQUIPE, UN AVENIR","","","OUI",1.0,"F","LIGERON","Nathalie","Française","",""
"01","Ain","01368","Saint-Julien-sur-Veyle",1.0,"POUR UN VILLAGE VIVANT ET SOLIDAIRE","POUR UN VILLAGE VIVANT ET SOLIDAIRE","","","OUI",1.0,"M","REVOL","Serge","Française","",""
"01","Ain","01369","Saint-Just",1.0,"BIEN VIVRE A SAINT JUST","BIEN VIVRE A SAINT JUST","","","OUI",1.0,"M","LEVET","Patrick","Française","",""
"01","Ain","01370","Saint-Laurent-sur-Saône",1.0,"AIMER SAINT LAURENT","AIMER SAINT LAURENT","","","OUI",1.0,"M","DOUSSOT","Jacques","Française","","OUI"
"01","Ain","01371","Saint-Marcel",1.0,"SAINT MARCEL CAP 2032","SAINT MARCEL CAP 2032","","","OUI",1.0,"M","PETRONE","Dominique","Française","","OUI"
"01","Ain","01371","Saint-Marcel",2.0,"MIEUX VIVRE ENSEMBLE DANS NOTRE VILLAGE","MIEUX VIVRE ENSEMBLE DANS NOTRE VILLAGE","","","OUI",1.0,"M","NOUET","Jacky","Française","","OUI"
"01","Ain","01372","Saint-Martin-de-Bavel",1.0,"LA CONTINUITÉ","LA CONTINUITÉ","","","OUI",1.0,"M","VINCENT","Xavier","Française","",""
"01","Ain","01373","Saint-Martin-du-Frêne",1.0,"CAP 2026, POUR CONSTRUIRE L'AVENIR","CAP 2026, POUR CONSTRUIRE L'AVENIR","","","OUI",1.0,"M","TURC","Dominique","Française","","OUI"
"01","Ain","01373","Saint-Martin-du-Frêne",2.0,"Ensemble pour une nouvelle dynamique","Ensemble pour une nouvelle dynamique","","","OUI",1.0,"F","LINES","Eveline","Française","","OUI"
"01","Ain","01374","Saint-Martin-du-Mont",1.0,"SAINT-MARTIN EN MOUVEMENT","SAINT-MARTIN EN MOUVEMENT","","","OUI",1.0,"F","LEGOUGE","Françoise","Française","","OUI"
"01","Ain","01375","Saint-Martin-le-Châtel",1.0,"Ensemble à St Martin","Ensemble à St Martin","","","OUI",1.0,"F","DUBOIS","Sandrine","Française","",""
"01","Ain","01376","Saint-Maurice-de-Beynost",1.0,"UNE COMMUNE, UNE ÉQUIPE, UN AVENIR","UNE COMMUNE, UNE ÉQUIPE, UN AVENIR","LDVG","Liste divers gauche","OUI",1.0,"M","GOUBET","Pierre","Française","","OUI"
"01","Ain","01378","Saint-Maurice-de-Gourdans",1.0,"VILLAGE VIVANT","VILLAGE VIVANT","","","OUI",1.0,"M","CHAZEAUBENIT","Rémi","Française","","OUI"
"01","Ain","01378","Saint-Maurice-de-Gourdans",2.0,"COEUR ET ACTION POUR SAINT MAURICE DE GOURDANS","COEUR ET ACTION POUR SAINT MAURICE DE GOURDANS","","","OUI",1.0,"M","BRAU","Didier","Française","","OUI"
"01","Ain","01378","Saint-Maurice-de-Gourdans",3.0,"UN NOUVEAU SOUFFLE POUR SAINT MAURICE","UN NOUVEAU SOUFFLE POUR SAINT MAURICE","","","OUI",1.0,"M","VENÇON","Yves","Française","","OUI"
"01","Ain","01379","Saint-Maurice-de-Rémens",1.0,"POURSUIVRE ENSEMBLE","POURSUIVRE ENSEMBLE","","","OUI",1.0,"M","GAILLARD","Eric","Française","",""
"01","Ain","01380","Saint-Nizier-le-Bouchoux",1.0,"Unis pour Saint Nizier le bouchoux","Unis pour Saint Nizier le bouchoux","","","OUI",1.0,"M","ANDRÉ","Alexandre","Française","",""
"01","Ain","01381","Saint-Nizier-le-Désert",1.0,"ENSEMBLE POUR SAINT NIZIER","ENSEMBLE POUR SAINT NIZIER","","","OUI",1.0,"M","COURRIER","Jean-Paul","Française","",""
"01","Ain","01381","Saint-Nizier-le-Désert",2.0,"Naturellement Saint-Nizier-le-Désert","Naturellement Saint-Nizier-le-Désert","","","OUI",1.0,"F","POUSSEL","Michelle","Française","",""
"01","Ain","01382","Sainte-Olive",1.0,"Sainte-Olive, au coeur de nos vies","Sainte-Olive, au coeur de nos vies","","","OUI",1.0,"F","BASTOUL","Caroline","Française","",""
"01","Ain","01383","Saint-Paul-de-Varax",1.0,"Saint-Paul-de-Varax, entre étangs et avenir","Saint-Paul-de-Varax, entre étangs et avenir","","","OUI",1.0,"M","TAYAR","Johny","Française","","OUI"
"01","Ain","01383","Saint-Paul-de-Varax",2.0,"continuons ensemble pour demain","continuons ensemble pour demain","","","OUI",1.0,"M","CHAVET","Clément","Française","","OUI"
"01","Ain","01384","Saint-Rambert-en-Bugey",1.0,"ST RAMBERT-EN-BUGEY ""tourné vers l'avenir""","ST RAMBERT-EN-BUGEY ""tourné vers l'avenir""","","","OUI",1.0,"M","VERNAY-VIGNON","Antoine","Française","","OUI"
"01","Ain","01384","Saint-Rambert-en-Bugey",2.0,"SAINT-RAMBERT-EN-BUGEY AVEC VOUS","SAINT-RAMBERT-EN-BUGEY AVEC VOUS","","","OUI",1.0,"F","REISSER","Florence","Française","","OUI"
"01","Ain","01384","Saint-Rambert-en-Bugey",3.0,"BIEN VIVRE ENSEMBLE À ST RAMBERT EN BUGEY","BIEN VIVRE ENSEMBLE À ST RAMBERT EN BUGEY","","","OUI",1.0,"M","BODIN","Frederic","Française","","OUI"
"01","Ain","01384","Saint-Rambert-en-Bugey",4.0,"COEUR RAMBERTOIS","COEUR RAMBERTOIS","","","OUI",1.0,"M","BALLEYDIER","Aurélien","Française","","OUI"
"01","Ain","01385","Saint-Rémy",1.0,"AGIR POUR SAINT RÉMY","AGIR POUR SAINT RÉMY","","","OUI",1.0,"M","MALLET","Christophe","Française","",""
"01","Ain","01386","Saint-Sorlin-en-Bugey",1.0,"ENSEMBLE POUR L'AVENIR !","ENSEMBLE POUR L'AVENIR !","","","OUI",1.0,"M","MILLET","Patrick","Française","","OUI"
"01","Ain","01387","Saint-Sulpice",1.0,"avenir de SAINT SULPICE","avenir de SAINT SULPICE","","","OUI",1.0,"M","GIROD","Michel","Française","",""
"01","Ain","01388","Saint-Trivier-de-Courtes",1.0,"SAINT-TRIVIER, UNE EQUIPE EN MARCHE","SAINT-TRIVIER, UNE EQUIPE EN MARCHE","","","OUI",1.0,"M","BERNARD","Yves","Française","","OUI"
"01","Ain","01388","Saint-Trivier-de-Courtes",2.0,"NOUVELLE GÉNÉRATION","NOUVELLE GÉNÉRATION","","","OUI",1.0,"M","DISSES","Christophe","Française","","OUI"
"01","Ain","01389","Saint-Trivier-sur-Moignans",1.0,"Bien vivre à St Trivier","Bien vivre à St Trivier","","","OUI",1.0,"M","COUTURIER","Laurent","Française","","OUI"
"01","Ain","01389","Saint-Trivier-sur-Moignans",2.0,"UN NOUVEAU REGARD UTINGEOIS","UN NOUVEAU REGARD UTINGEOIS","","","OUI",1.0,"F","CUENCA","Chrystèle","Française","","OUI"
"01","Ain","01390","Saint-Vulbas",1.0,"ENSEMBLE OSONS L'AVENIR","ENSEMBLE OSONS L'AVENIR","","","OUI",1.0,"M","JACQUIN","Marcel","Française","","OUI"
"01","Ain","01391","Salavre",1.0,"ENTRE PATRIMOINE, BIEN VIVRE ET AVENIR","ENTRE PATRIMOINE, BIEN VIVRE ET AVENIR","","","OUI",1.0,"M","FÉAUD","Jacques","Française","",""
"01","Ain","01391","Salavre",2.0,"SALAVRE : PRESERVER, PARTAGER, INNOVER. ENSEMBLE","SALAVRE : PRESERVER, PARTAGER, INNOVER. ENSEMBLE","","","OUI",1.0,"M","DROUY","Renaud","Française","",""
"01","Ain","01392","Samognat",1.0,"Liste des candidats au conseil municipal de Samognat","Liste des candidats au conseil municipal de Samognat","","","OUI",1.0,"M","REYNIER","Xavier","Française","",""
"01","Ain","01393","Sandrans",1.0,"UNIS POUR SANDRANS","UNIS POUR SANDRANS","","","OUI",1.0,"M","ALVAREZ","Patrick","Française","",""
"01","Ain","01393","Sandrans",2.0,"POUR SANDRANS","POUR SANDRANS","","","OUI",1.0,"M","OLLAGNIER","Bernard","Française","",""
"01","Ain","01396","Sault-Brénaz",1.0,"UNIS POUR SAULT-BRÉNAZ","UNIS POUR SAULT-BRÉNAZ","","","OUI",1.0,"M","ALONSO","Nazarello","Française","","OUI"
"01","Ain","01397","Sauverny",1.0,"Sauverny,Terre de prtage","Sauverny,Terre de partage","","","OUI",1.0,"M","FOURNIER","Julien","Française","","OUI"
"01","Ain","01398","Savigneux",1.0,"A vos cotés pour mieux vivre ensemble","A vos cotés pour mieux vivre ensemble","","","OUI",1.0,"M","GARNIER","Gilles","Française","","OUI"
"01","Ain","01399","Ségny",1.0,"Ségny c'est vous","Ségny c'est vous","","","OUI",1.0,"F","GROSROYAT","Annick","Française","","OUI"
"01","Ain","01400","Seillonnaz",1.0,"POUR SEILLONNAZ","POUR SEILLONNAZ","","","OUI",1.0,"M","VETTARD","Pascal","Française","",""
"01","Ain","01401","Sergy",1.0,"AVEC VOUS POUR SERGY","AVEC VOUS POUR SERGY","","","OUI",1.0,"F","MOINE","Catherine","Française","","OUI"
"01","Ain","01402","Sermoyer",1.0,"AGIR ENSEMBLE POUR SERMOYER","AGIR ENSEMBLE POUR SERMOYER","","","OUI",1.0,"F","PANCHOT","Huguette","Française","",""
"01","Ain","01403","Serrières-de-Briord",1.0,"ALTERNATIVE POUR SERRIÈRES DE BRIORD","ALTERNATIVE POUR SERRIÈRES DE BRIORD","","","OUI",1.0,"F","DREVET VERSAUD","Pascale","Française","","OUI"
"01","Ain","01403","Serrières-de-Briord",2.0,"AVANCER ENSEMBLE, CONSTRUIRE ENSEMBLE","AVANCER ENSEMBLE, CONSTRUIRE ENSEMBLE","","","OUI",1.0,"M","LADREYT","Thierry","Française","","OUI"
"01","Ain","01404","Serrières-sur-Ain",1.0,"Une Equipe pour Serrière-sur-Ain","Une Equipe pour Serrière-sur-Ain","","","OUI",1.0,"M","BATAILLE","Jérémy","Française","",""
"01","Ain","01405","Servas",1.0,"AGIR AUJOURD'HUI POUR LA COMMUNE DE DEMAIN","AGIR AUJOURD'HUI POUR LA COMMUNE DE DEMAIN","","","OUI",1.0,"M","GUERIN","Serge","Française","","OUI"
"01","Ain","01406","Servignat",1.0,"L'AVENIR SERVIGNATIS","L'AVENIR SERVIGNATIS","","","OUI",1.0,"M","VIALLON","Laurent","Française","",""
"01","Ain","01407","Seyssel",1.0,"SEYSSEL BIEN VIVRE ENSEMBLE - MICHEL BOTTERI","SEYSSEL BIEN VIVRE ENSEMBLE - MICHEL BOTTERI","","","OUI",2.0,"M","BOTTERI","Michel","Française","","OUI"
"01","Ain","01408","Simandre-sur-Suran",1.0,"ENSEMBLE POUR SIMANDRE","ENSEMBLE POUR SIMANDRE","","","OUI",1.0,"M","JEANNIN","Philippe","Française","",""
"01","Ain","01410","Sonthonnax-la-Montagne",1.0,"SONTHONNAX DEMAIN","SONTHONNAX DEMAIN","","","OUI",1.0,"M","MONACI","Fabrice","Française","",""
"01","Ain","01411","Souclin",1.0,"Souclin Chœur de Projets","Souclin Chœur de Projets","","","OUI",1.0,"M","CORNEFERT","Morgan","Française","",""
"01","Ain","01412","Sulignat",1.0,"Avec vous, construisons notre village de demain","Avec vous, construisons notre village de demain","","","OUI",1.0,"M","GENESTOUX","Alain","Française","",""
"01","Ain","01415","Talissieu",1.0,"ENSEMBLE POUR TALISSIEU","ENSEMBLE POUR TALISSIEU","","","OUI",1.0,"F","DEGUISNE","Sabrina","Française","",""
"01","Ain","01416","Tenay",1.0,"TENAY DEMAIN","TENAY DEMAIN","","","OUI",1.0,"M","ALLAIN","Gaël","Française","","OUI"
"01","Ain","01418","Thil",1.0,"THIL, avançons ensemble","THIL, avançons ensemble","","","OUI",1.0,"F","POMMAZ","Valérie","Française","","OUI"
"01","Ain","01419","Thoiry",1.0,"Unis pour Thoiry Pays de Gex","Unis pour Thoiry Pays de Gex","LDVD","Liste divers droite","OUI",1.0,"F","BENIER","Muriel","Française","","OUI"
"01","Ain","01420","Thoissey",1.0,"Thoissey, demain s'écrit aujourd'hui","Thoissey, demain s'écrit aujourd'hui","","","OUI",1.0,"F","TURREL","Anne","Française","","OUI"
"01","Ain","01421","Torcieu",1.0,"TORCIEU, TOUT SIMPLEMENT !","TORCIEU, TOUT SIMPLEMENT !","","","OUI",1.0,"F","BARBARIN","Estelle","Française","",""
"01","Ain","01422","Tossiat",1.0,"POURSUIVONS ENSEMBLE POUR TOSSIAT","POURSUIVONS ENSEMBLE POUR TOSSIAT","","","OUI",1.0,"M","DAVI","Jean-Marie","Française","","OUI"
"01","Ain","01423","Toussieux",1.0,"AGIR POUR TOUSSIEUX","AGIR POUR TOUSSIEUX","","","OUI",1.0,"M","CHAUMONT","Armand","Française","","OUI"
"01","Ain","01424","Tramoyes",1.0,"Du coeur au village","Du coeur au village","","","OUI",1.0,"M","DELOCHE","Xavier","Française","","OUI"
"01","Ain","01425","La Tranclière",1.0,"Construisons ensemble La Tranclière de demain","Construisons ensemble La Tranclière de demain","","","OUI",1.0,"M","ADAM","Paul","Française","",""
"01","Ain","01426","Val-Revermont",1.0,"VAL-REVERMONT, UN AVENIR A CONSTRUIRE ENSEMBLE","VAL-REVERMONT, UN AVENIR A CONSTRUIRE ENSEMBLE","","","OUI",1.0,"M","JOLY","Olivier","Française","","OUI"
"01","Ain","01426","Val-Revermont",2.0,"ALTER'NATIFS POUR VAL-REVERMONT","ALTER'NATIFS POUR VAL-REVERMONT","","","OUI",1.0,"F","NEYRET","Yadranka","Française","","OUI"
"01","Ain","01427","Trévoux",1.0,"Trévoux avec vous !","Trévoux avec vous !","LDIV","Liste Divers","OUI",1.0,"M","DUFFIT MÉNARD","Nathanaël","Française","","OUI"
"01","Ain","01427","Trévoux",2.0,"Trévoux, notre fierté","Trévoux, notre fierté","LDVD","Liste divers droite","OUI",1.0,"M","PÉCHOUX","Marc","Française","","OUI"
"01","Ain","01427","Trévoux",3.0,"agir ensemble pour Trévoux","agir ensemble pour Trévoux","LDVG","Liste divers gauche","OUI",1.0,"M","LASSERRE","Adrien","Française","","OUI"
"01","Ain","01427","Trévoux",4.0,"TREVOUX DE VOUS A NOUS","TREVOUX DE VOUS A NOUS","LDVD","Liste divers droite","OUI",1.0,"F","BORDELIER","Laëtitia","Française","","OUI"
"01","Ain","01428","Valeins",1.0,"VALEINS, UNE HISTOIRE DE VILLAGE","VALEINS, UNE HISTOIRE DE VILLAGE","","","OUI",1.0,"M","BARDON","Frederic","Française","",""
"01","Ain","01429","Vandeins",1.0,"VANDEINS DEMAIN","VANDEINS DEMAIN","","","OUI",1.0,"F","BERARDAN","Christelle","Française","",""
"01","Ain","01430","Varambon",1.0,"Varambon, Notre village","Varambon, Notre village","","","OUI",1.0,"F","CHOLVY","Anne","Française","",""
"01","Ain","01431","Vaux-en-Bugey",1.0,"AVEC VOUS POUR VAUX","AVEC VOUS POUR VAUX","","","OUI",1.0,"F","VEYSSET-RABILLOUD","Françoise","Française","","OUI"
"01","Ain","01431","Vaux-en-Bugey",2.0,"AU COEUR DE VAUX, AVANÇONS ENSEMBLE !","AU COEUR DE VAUX, AVANÇONS ENSEMBLE !","","","OUI",1.0,"M","FRÉNOIS","Jean","Française","","OUI"
"01","Ain","01432","Verjon",1.0,"VERJON ENSEMBLE","VERJON ENSEMBLE","","","OUI",1.0,"M","JAMME","Philippe","Française","",""
"01","Ain","01433","Vernoux",1.0,"UNIS POUR VERNOUX","UNIS POUR VERNOUX","","","OUI",1.0,"M","MARTIN","Laurent","Française","",""
"01","Ain","01434","Versailleux",1.0,"POUR UN AVENIR HEUREUX A VERSAILLEUX","POUR UN AVENIR HEUREUX A VERSAILLEUX","","","OUI",1.0,"M","BRANCHY","Gérard","Française","",""
"01","Ain","01435","Versonnex",1.0,"Versonnex, Nouveauté et Continuité","Versonnex, Nouveauté et Continuité","","","OUI",1.0,"M","MADER","Pierre","Française","","OUI"
"01","Ain","01435","Versonnex",2.0,"Versonnex Demain","Versonnex Demain","","","OUI",1.0,"F","JUILLARD GRIVET","Brigitte","Française","","OUI"
"01","Ain","01436","Vesancy",1.0,"Pour une démocratie participative à Vesancy","Pour une démocratie participative à Vesancy","","","OUI",1.0,"M","LAMY","Louis","Française","",""
"01","Ain","01436","Vesancy",2.0,"Vesancy, notre village","Vesancy, notre village","","","OUI",1.0,"M","MAILLARD","Arnaud","Française","",""
"01","Ain","01437","Vescours",1.0,"BIEN VIVRE A VESCOURS","BIEN VIVRE A VESCOURS","","","OUI",1.0,"F","FLAMAND","Isabelle","Française","",""
"01","Ain","01439","Vésines",1.0,"Restons Vésinards","Restons Vésinards","","","OUI",1.0,"M","VARLET","Tristan","Française","",""
"01","Ain","01441","Vieu-d'Izenave",1.0,"COLLECTIF VIEU D'IZENAVE","COLLECTIF VIEU D'IZENAVE","","","OUI",1.0,"M","SAUNIER","Jérôme","Française","",""
"01","Ain","01443","Villars-les-Dombes",1.0,"CROIRE EN VILLARS","CROIRE EN VILLARS","LDIV","Liste Divers","OUI",1.0,"M","LIENHARDT","Jacques","Française","","OUI"
"01","Ain","01443","Villars-les-Dombes",2.0,"ENSEMBLE POUR VILLARS","ENSEMBLE POUR VILLARS","LDVD","Liste divers droite","OUI",1.0,"F","DUBOIS","Isabelle","Française","","OUI"
"01","Ain","01444","Villebois",1.0,"ENSEMBLE POUR VILLEBOIS","ENSEMBLE POUR VILLEBOIS","","","OUI",1.0,"F","VIGIER","Cécile","Française","","OUI"
"01","Ain","01444","Villebois",2.0,"AU COEUR DE VILLEBOIS 2026","AU COEUR DE VILLEBOIS 2026","","","OUI",1.0,"F","TESSARO","Camille","Française","","OUI"
"01","Ain","01445","Villemotier",1.0,"Construisons demain ensemble","Construisons demain ensemble","","","OUI",1.0,"M","GUYARD","Franck Christophe","Française","",""
"01","Ain","01446","Villeneuve",1.0,"AGIR POUR VILLENEUVE","AGIR POUR VILLENEUVE","","","OUI",1.0,"F","COMBIER","Patricia","Française","","OUI"
"01","Ain","01446","Villeneuve",2.0,"BIEN VIVRE ENSEMBLE A VILLENEUVE","BIEN VIVRE ENSEMBLE A VILLENEUVE","","","OUI",1.0,"M","POMMIER","David","Française","","OUI"
"01","Ain","01447","Villereversure",1.0,"Préserver Villereversure et agir pour demain","Préserver Villereversure et agir pour demain","","","OUI",1.0,"M","GIRERD","Jordan","Française","","OUI"
"01","Ain","01448","Villes",1.0,"VILLES ENSEMBLE","VILLES ENSEMBLE","","","OUI",1.0,"M","SUSINI","Guy","Française","",""
"01","Ain","01449","Villette-sur-Ain",1.0,"VILLETTE-SUR-AIN PASSION'AIMANT","VILLETTE-SUR-AIN PASSION'AIMANT","","","OUI",1.0,"M","PETIT","Philippe","Française","",""
"01","Ain","01450","Villieu-Loyes-Mollon",1.0,"L'EXPÉRIENCE POUR DEMAIN","L'EXPÉRIENCE POUR DEMAIN","LDIV","Liste Divers","OUI",1.0,"M","BEAUFORT","Eric","Française","","OUI"
"01","Ain","01450","Villieu-Loyes-Mollon",2.0,"VLM AUTREMENT","VLM AUTREMENT","LDIV","Liste Divers","OUI",1.0,"M","BERTRON","Philippe","Française","","OUI"
"01","Ain","01450","Villieu-Loyes-Mollon",3.0,"ÉLAN CITOYEN","ÉLAN CITOYEN","LDIV","Liste Divers","OUI",1.0,"M","BRUGHEAT","Grégory","Française","","OUI"
"01","Ain","01451","Viriat",1.0,"VIRIAT POUR VOUS","VIRIAT POUR VOUS","LDVD","Liste divers droite","OUI",1.0,"M","PERRET","Bernard","Française","","OUI"
"01","Ain","01451","Viriat",2.0,"ENSEMBLE AU COEUR DE VIRIAT","ENSEMBLE AU COEUR DE VIRIAT","LDIV","Liste Divers","OUI",1.0,"M","MICHON","Philippe","Française","","OUI"
"01","Ain","01452","Virieu-le-Grand",1.0,"NOUVEL ELAN POUR VIRIEU LE GRAND","NOUVEL ELAN POUR VIRIEU LE GRAND","","","OUI",1.0,"F","VALLIN","Yvette","Française","","OUI"
"01","Ain","01452","Virieu-le-Grand",2.0,"RESSERER LES LIENS POUR LES ENJEUX DE DEMAIN","RESSERER LES LIENS POUR LES ENJEUX DE DEMAIN","","","OUI",1.0,"M","VINCENT","Raphael","Française","","OUI"
"01","Ain","01453","Arvière-en-Valromey",1.0,"ARVIERE DEMAIN","ARVIERE DEMAIN","","","OUI",1.0,"F","MARTINOD","Pascale","Française","",""
"01","Ain","01454","Virignin",1.0,"VIRIGNIN NOUS RASSEMBLE","VIRIGNIN NOUS RASSEMBLE","","","OUI",1.0,"M","BANDET","Marcel","Française","","OUI"
"01","Ain","01454","Virignin",2.0,"ENSEMBLE POUR VIRIGNIN : NOTRE PRIORITE","ENSEMBLE POUR VIRIGNIN : NOTRE PRIORITE","","","OUI",1.0,"F","BAVUZ","Stéphanie","Française","","OUI"
"01","Ain","01456","Vongnes",1.0,"VONGNES 2026","VONGNES 2026","","","OUI",1.0,"M","GUILLON","Joannes","Française","",""
"01","Ain","01457","Vonnas",1.0,"VONNAS ENSEMBLE POUR DEMAIN","VONNAS ENSEMBLE POUR DEMAIN","","","OUI",1.0,"M","GIVORD","Alain","Française","","OUI"
"01","Ain","01457","Vonnas",2.0,"SERVIR VONNAS","SERVIR VONNAS","","","OUI",1.0,"M","DESMARIS","Christophe","Française","","OUI"
